event_index,timestamp,type,details_json
0,1790497528.2948375,chassis_stationary,"{""timestamp"": 1790497528.2948375, ""type"": ""chassis_stationary"", ""yaw"": 0.0, ""position_m"": [4.415909863342674e-05, -7.069229652747817e-06]}"
1,1790497528.2948601,scan_mode,"{""timestamp"": 1790497528.2948601, ""type"": ""scan_mode"", ""mode"": ""gimbal""}"
2,1790497529.73003,hardware_action,"{""timestamp"": 1790497529.73003, ""type"": ""hardware_action"", ""name"": ""Initial Gimbal recenter"", ""state"": ""action_succeeded"", ""completed"": true, ""succeeded"": true, ""elapsed_sec"": 1.434870416999729}"
3,1790497529.7301052,gimbal,"{""timestamp"": 1790497529.7301052, ""type"": ""gimbal"", ""phase"": ""reference_initialized"", ""target_yaw"": 0, ""target_pitch"": 0, ""actual_yaw"": 0.1, ""actual_pitch"": 1.2, ""ground_yaw"": 108.0, ""ground_pitch"": 0.0}"
4,1790497530.0803854,gimbal,"{""timestamp"": 1790497530.0803854, ""type"": ""gimbal"", ""phase"": ""move_completed"", ""target_yaw"": 0, ""target_pitch"": 0, ""actual_yaw"": 0.0, ""actual_pitch"": 1.2, ""ground_yaw"": 107.9, ""ground_pitch"": 0.0}"
5,1790497530.3551486,tof_sample,"{""timestamp"": 1790497530.3551486, ""type"": ""tof_sample"", ""gimbal_yaw"": 0, ""range_m"": 3.589, ""accepted"": 5}"
6,1790497530.355208,gimbal,"{""timestamp"": 1790497530.355208, ""type"": ""gimbal"", ""phase"": ""move"", ""target_yaw"": -90, ""target_pitch"": 0, ""actual_yaw"": 0.0, ""actual_pitch"": 1.2, ""ground_yaw"": 107.9, ""ground_pitch"": 0.0, ""delta_yaw"": -90, ""delta_pitch"": 0}"
7,1790497530.9296684,hardware_action,"{""timestamp"": 1790497530.9296684, ""type"": ""hardware_action"", ""name"": ""Gimbal move action"", ""state"": ""action_succeeded"", ""completed"": true, ""succeeded"": true, ""elapsed_sec"": 0.5740178250002828}"
8,1790497531.2800746,gimbal,"{""timestamp"": 1790497531.2800746, ""type"": ""gimbal"", ""phase"": ""move_completed"", ""target_yaw"": -90, ""target_pitch"": 0, ""actual_yaw"": -85.7, ""actual_pitch"": -7.2, ""ground_yaw"": 21.8, ""ground_pitch"": 0.0}"
9,1790497531.6574645,tof_sample,"{""timestamp"": 1790497531.6574645, ""type"": ""tof_sample"", ""gimbal_yaw"": -90, ""range_m"": 0.187, ""accepted"": 5}"
10,1790497531.6575153,gimbal,"{""timestamp"": 1790497531.6575153, ""type"": ""gimbal"", ""phase"": ""move"", ""target_yaw"": -180, ""target_pitch"": 0, ""actual_yaw"": -85.7, ""actual_pitch"": -7.2, ""ground_yaw"": 21.8, ""ground_pitch"": 0.0, ""delta_yaw"": -90, ""delta_pitch"": 0}"
11,1790497532.2311854,hardware_action,"{""timestamp"": 1790497532.2311854, ""type"": ""hardware_action"", ""name"": ""Gimbal move action"", ""state"": ""action_succeeded"", ""completed"": true, ""succeeded"": true, ""elapsed_sec"": 0.5733222150001893}"
12,1790497532.5814142,gimbal,"{""timestamp"": 1790497532.5814142, ""type"": ""gimbal"", ""phase"": ""move_completed"", ""target_yaw"": -180, ""target_pitch"": 0, ""actual_yaw"": -173.1, ""actual_pitch"": -3.7, ""ground_yaw"": -64.1, ""ground_pitch"": 0.0}"
13,1790497532.9070654,tof_sample,"{""timestamp"": 1790497532.9070654, ""type"": ""tof_sample"", ""gimbal_yaw"": -180, ""range_m"": 0.238, ""accepted"": 5}"
14,1790497532.9071226,gimbal,"{""timestamp"": 1790497532.9071226, ""type"": ""gimbal"", ""phase"": ""move"", ""target_yaw"": 0, ""target_pitch"": 0, ""actual_yaw"": -173.1, ""actual_pitch"": -3.8, ""ground_yaw"": -64.1, ""ground_pitch"": 0.0, ""delta_yaw"": 90, ""delta_pitch"": 0}"
15,1790497533.424616,hardware_action,"{""timestamp"": 1790497533.424616, ""type"": ""hardware_action"", ""name"": ""Gimbal move action"", ""state"": ""action_succeeded"", ""completed"": true, ""succeeded"": true, ""elapsed_sec"": 0.5170549800000117}"
16,1790497533.4247353,gimbal,"{""timestamp"": 1790497533.4247353, ""type"": ""gimbal"", ""phase"": ""move"", ""target_yaw"": 0, ""target_pitch"": 0, ""actual_yaw"": -101.1, ""actual_pitch"": -7.8, ""ground_yaw"": 9.0, ""ground_pitch"": 0.0, ""delta_yaw"": 90, ""delta_pitch"": 0}"
17,1790497534.0309246,hardware_action,"{""timestamp"": 1790497534.0309246, ""type"": ""hardware_action"", ""name"": ""Gimbal move action"", ""state"": ""action_succeeded"", ""completed"": true, ""succeeded"": true, ""elapsed_sec"": 0.6048928539998997}"
18,1790497534.381134,gimbal,"{""timestamp"": 1790497534.381134, ""type"": ""gimbal"", ""phase"": ""move_completed"", ""target_yaw"": 0, ""target_pitch"": 0, ""actual_yaw"": -0.3, ""actual_pitch"": 1.3, ""ground_yaw"": 107.9, ""ground_pitch"": 0.0}"
19,1790497534.3811922,gimbal,"{""timestamp"": 1790497534.3811922, ""type"": ""gimbal"", ""phase"": ""move"", ""target_yaw"": 90, ""target_pitch"": 0, ""actual_yaw"": -0.3, ""actual_pitch"": 1.3, ""ground_yaw"": 107.9, ""ground_pitch"": 0.0, ""delta_yaw"": 90, ""delta_pitch"": 0}"
20,1790497534.9307427,hardware_action,"{""timestamp"": 1790497534.9307427, ""type"": ""hardware_action"", ""name"": ""Gimbal move action"", ""state"": ""action_succeeded"", ""completed"": true, ""succeeded"": true, ""elapsed_sec"": 0.5492102120001618}"
21,1790497535.2809868,gimbal,"{""timestamp"": 1790497535.2809868, ""type"": ""gimbal"", ""phase"": ""move_completed"", ""target_yaw"": 90, ""target_pitch"": 0, ""actual_yaw"": 85.3, ""actual_pitch"": 5.1, ""ground_yaw"": -166.4, ""ground_pitch"": 0.0}"
22,1790497535.5658994,tof_sample,"{""timestamp"": 1790497535.5658994, ""type"": ""tof_sample"", ""gimbal_yaw"": 90, ""range_m"": 0.198, ""accepted"": 5}"
23,1790497535.5659707,gimbal,"{""timestamp"": 1790497535.5659707, ""type"": ""gimbal"", ""phase"": ""move"", ""target_yaw"": 0, ""target_pitch"": 0, ""actual_yaw"": 85.3, ""actual_pitch"": 5.1, ""ground_yaw"": -166.4, ""ground_pitch"": 0.0, ""delta_yaw"": -90, ""delta_pitch"": 0}"
24,1790497536.1297336,hardware_action,"{""timestamp"": 1790497536.1297336, ""type"": ""hardware_action"", ""name"": ""Gimbal move action"", ""state"": ""action_succeeded"", ""completed"": true, ""succeeded"": true, ""elapsed_sec"": 0.5631466240001828}"
25,1790497536.4799182,gimbal,"{""timestamp"": 1790497536.4799182, ""type"": ""gimbal"", ""phase"": ""move_completed"", ""target_yaw"": 0, ""target_pitch"": 0, ""actual_yaw"": -0.8, ""actual_pitch"": 1.6, ""ground_yaw"": 107.9, ""ground_pitch"": 0.0}"
26,1790497536.7647555,tof_sample,"{""timestamp"": 1790497536.7647555, ""type"": ""tof_sample"", ""gimbal_yaw"": 0, ""range_m"": 3.728, ""accepted"": 5}"
27,1790497536.7649841,scan,"{""timestamp"": 1790497536.7649841, ""type"": ""scan"", ""cell"": [0, 0], ""pose"": [0.0, 0.0, -0.11000000000001364], ""ranges_m"": {""0"": 3.589, ""3"": 0.187, ""2"": 0.238, ""1"": 0.198}, ""scan_headings"": {""0"": 0, ""3"": 0, ""2"": 0, ""1"": 0}}"
28,1790497536.830263,hardware_action,"{""timestamp"": 1790497536.830263, ""type"": ""hardware_action"", ""name"": ""Gimbal front position hold"", ""state"": ""action_succeeded"", ""completed"": true, ""succeeded"": true, ""elapsed_sec"": 0.06198682200010808}"
29,1790497536.8302934,gimbal,"{""timestamp"": 1790497536.8302934, ""type"": ""gimbal"", ""phase"": ""front_position_hold"", ""target_yaw"": 0, ""target_pitch"": 0, ""actual_yaw"": -0.7, ""actual_pitch"": 1.6, ""ground_yaw"": 108.0, ""ground_pitch"": 0.0}"
30,1790497537.1810136,gimbal,"{""timestamp"": 1790497537.1810136, ""type"": ""gimbal"", ""phase"": ""move_completed"", ""target_yaw"": 0, ""target_pitch"": 0, ""actual_yaw"": -0.5, ""actual_pitch"": 1.5, ""ground_yaw"": 108.2, ""ground_pitch"": 0.0}"
31,1790497537.4251032,tof_sample,"{""timestamp"": 1790497537.4251032, ""type"": ""tof_sample"", ""gimbal_yaw"": 0, ""range_m"": 3.705, ""accepted"": 5}"
32,1790497540.3507245,chassis_wheel_stop,"{""timestamp"": 1790497540.3507245, ""type"": ""chassis_wheel_stop"", ""acknowledged"": true}"
33,1790497540.6554487,chassis_stationary,"{""timestamp"": 1790497540.6554487, ""type"": ""chassis_stationary"", ""yaw"": -0.3100000000000023, ""position_m"": [0.61936756038236, -0.003859941191734967]}"
34,1790497540.65546,move,"{""timestamp"": 1790497540.65546, ""type"": ""move"", ""from"": [0, 0], ""to"": [1, 0], ""direction"": 0, ""backtrack"": false, ""odometry_delta_m"": [0.6201176381614496, -0.005143990772287013], ""yaw"": -0.3100000000000023}"
35,1790497540.6555932,scan_mode,"{""timestamp"": 1790497540.6555932, ""type"": ""scan_mode"", ""mode"": ""gimbal""}"
36,1790497540.655626,gimbal,"{""timestamp"": 1790497540.655626, ""type"": ""gimbal"", ""phase"": ""reference_reused"", ""target_yaw"": 0, ""target_pitch"": 0, ""actual_yaw"": -0.9, ""actual_pitch"": 0.6, ""ground_yaw"": 107.6, ""ground_pitch"": 0.0}"
37,1790497541.0058496,gimbal,"{""timestamp"": 1790497541.0058496, ""type"": ""gimbal"", ""phase"": ""move_completed"", ""target_yaw"": 0, ""target_pitch"": 0, ""actual_yaw"": -0.9, ""actual_pitch"": 0.6, ""ground_yaw"": 107.6, ""ground_pitch"": 0.0}"
38,1790497541.281877,tof_sample,"{""timestamp"": 1790497541.281877, ""type"": ""tof_sample"", ""gimbal_yaw"": 0, ""range_m"": 2.64, ""accepted"": 5}"
39,1790497541.28195,gimbal,"{""timestamp"": 1790497541.28195, ""type"": ""gimbal"", ""phase"": ""move"", ""target_yaw"": -90, ""target_pitch"": 0, ""actual_yaw"": -0.9, ""actual_pitch"": 0.6, ""ground_yaw"": 107.5, ""ground_pitch"": 0.0, ""delta_yaw"": -90, ""delta_pitch"": 0}"
40,1790497541.830253,hardware_action,"{""timestamp"": 1790497541.830253, ""type"": ""hardware_action"", ""name"": ""Gimbal move action"", ""state"": ""action_succeeded"", ""completed"": true, ""succeeded"": true, ""elapsed_sec"": 0.5478535530000954}"
41,1790497542.1804502,gimbal,"{""timestamp"": 1790497542.1804502, ""type"": ""gimbal"", ""phase"": ""move_completed"", ""target_yaw"": -90, ""target_pitch"": 0, ""actual_yaw"": -86.7, ""actual_pitch"": -7.6, ""ground_yaw"": 21.7, ""ground_pitch"": 0.0}"
42,1790497542.4865508,tof_sample,"{""timestamp"": 1790497542.4865508, ""type"": ""tof_sample"", ""gimbal_yaw"": -90, ""range_m"": 0.175, ""accepted"": 5}"
43,1790497542.4866233,gimbal,"{""timestamp"": 1790497542.4866233, ""type"": ""gimbal"", ""phase"": ""move"", ""target_yaw"": -180, ""target_pitch"": 0, ""actual_yaw"": -86.7, ""actual_pitch"": -7.6, ""ground_yaw"": 21.7, ""ground_pitch"": 0.0, ""delta_yaw"": -90, ""delta_pitch"": 0}"
44,1790497543.029725,hardware_action,"{""timestamp"": 1790497543.029725, ""type"": ""hardware_action"", ""name"": ""Gimbal move action"", ""state"": ""action_succeeded"", ""completed"": true, ""succeeded"": true, ""elapsed_sec"": 0.5426340459998755}"
45,1790497543.3799589,gimbal,"{""timestamp"": 1790497543.3799589, ""type"": ""gimbal"", ""phase"": ""move_completed"", ""target_yaw"": -180, ""target_pitch"": 0, ""actual_yaw"": -173.9, ""actual_pitch"": -2.9, ""ground_yaw"": -64.2, ""ground_pitch"": 0.0}"
46,1790497543.634185,tof_sample,"{""timestamp"": 1790497543.634185, ""type"": ""tof_sample"", ""gimbal_yaw"": -180, ""range_m"": 0.889, ""accepted"": 5}"
47,1790497543.634238,gimbal,"{""timestamp"": 1790497543.634238, ""type"": ""gimbal"", ""phase"": ""move"", ""target_yaw"": 0, ""target_pitch"": 0, ""actual_yaw"": -173.9, ""actual_pitch"": -2.9, ""ground_yaw"": -64.3, ""ground_pitch"": 0.0, ""delta_yaw"": 90, ""delta_pitch"": 0}"
48,1790497544.229628,hardware_action,"{""timestamp"": 1790497544.229628, ""type"": ""hardware_action"", ""name"": ""Gimbal move action"", ""state"": ""action_succeeded"", ""completed"": true, ""succeeded"": true, ""elapsed_sec"": 0.5949871190000522}"
49,1790497544.2297392,gimbal,"{""timestamp"": 1790497544.2297392, ""type"": ""gimbal"", ""phase"": ""move"", ""target_yaw"": 0, ""target_pitch"": 0, ""actual_yaw"": -89.7, ""actual_pitch"": -7.7, ""ground_yaw"": 18.5, ""ground_pitch"": 0.0, ""delta_yaw"": 90, ""delta_pitch"": 0}"
50,1790497544.8302171,hardware_action,"{""timestamp"": 1790497544.8302171, ""type"": ""hardware_action"", ""name"": ""Gimbal move action"", ""state"": ""action_succeeded"", ""completed"": true, ""succeeded"": true, ""elapsed_sec"": 0.5995157639999888}"
51,1790497545.1804843,gimbal,"{""timestamp"": 1790497545.1804843, ""type"": ""gimbal"", ""phase"": ""move_completed"", ""target_yaw"": 0, ""target_pitch"": 0, ""actual_yaw"": -1.1, ""actual_pitch"": 0.5, ""ground_yaw"": 107.6, ""ground_pitch"": 0.0}"
52,1790497545.1805482,gimbal,"{""timestamp"": 1790497545.1805482, ""type"": ""gimbal"", ""phase"": ""move"", ""target_yaw"": 90, ""target_pitch"": 0, ""actual_yaw"": -1.1, ""actual_pitch"": 0.5, ""ground_yaw"": 107.6, ""ground_pitch"": 0.0, ""delta_yaw"": 90, ""delta_pitch"": 0}"
53,1790497545.729572,hardware_action,"{""timestamp"": 1790497545.729572, ""type"": ""hardware_action"", ""name"": ""Gimbal move action"", ""state"": ""action_succeeded"", ""completed"": true, ""succeeded"": true, ""elapsed_sec"": 0.5486056670001744}"
54,1790497546.0798073,gimbal,"{""timestamp"": 1790497546.0798073, ""type"": ""gimbal"", ""phase"": ""move_completed"", ""target_yaw"": 90, ""target_pitch"": 0, ""actual_yaw"": 84.6, ""actual_pitch"": 5.1, ""ground_yaw"": -166.5, ""ground_pitch"": 0.0}"
55,1790497546.346892,tof_sample,"{""timestamp"": 1790497546.346892, ""type"": ""tof_sample"", ""gimbal_yaw"": 90, ""range_m"": 0.24, ""accepted"": 5}"
56,1790497546.34696,gimbal,"{""timestamp"": 1790497546.34696, ""type"": ""gimbal"", ""phase"": ""move"", ""target_yaw"": 0, ""target_pitch"": 0, ""actual_yaw"": 84.6, ""actual_pitch"": 5.1, ""ground_yaw"": -166.5, ""ground_pitch"": 0.0, ""delta_yaw"": -90, ""delta_pitch"": 0}"
57,1790497546.929875,hardware_action,"{""timestamp"": 1790497546.929875, ""type"": ""hardware_action"", ""name"": ""Gimbal move action"", ""state"": ""action_succeeded"", ""completed"": true, ""succeeded"": true, ""elapsed_sec"": 0.5823640139997224}"
58,1790497547.2800894,gimbal,"{""timestamp"": 1790497547.2800894, ""type"": ""gimbal"", ""phase"": ""move_completed"", ""target_yaw"": 0, ""target_pitch"": 0, ""actual_yaw"": -1.7, ""actual_pitch"": 0.6, ""ground_yaw"": 107.7, ""ground_pitch"": 0.0}"
59,1790497547.5450473,tof_sample,"{""timestamp"": 1790497547.5450473, ""type"": ""tof_sample"", ""gimbal_yaw"": 0, ""range_m"": 2.689, ""accepted"": 5}"
60,1790497547.5453236,scan,"{""timestamp"": 1790497547.5453236, ""type"": ""scan"", ""cell"": [1, 0], ""pose"": [0.6259326789476843, -0.005143990772287013, -0.9399999999999977], ""ranges_m"": {""0"": 2.64, ""3"": 0.175, ""2"": 0.889, ""1"": 0.24}, ""scan_headings"": {""0"": 0, ""3"": 0, ""2"": 0, ""1"": 0}}"
61,1790497547.6266973,hardware_action,"{""timestamp"": 1790497547.6266973, ""type"": ""hardware_action"", ""name"": ""Gimbal front position hold"", ""state"": ""action_succeeded"", ""completed"": true, ""succeeded"": true, ""elapsed_sec"": 0.07790383600013229}"
62,1790497547.626725,gimbal,"{""timestamp"": 1790497547.626725, ""type"": ""gimbal"", ""phase"": ""front_position_hold"", ""target_yaw"": 0, ""target_pitch"": 0, ""actual_yaw"": -1.6, ""actual_pitch"": 0.6, ""ground_yaw"": 107.7, ""ground_pitch"": 0.0}"
63,1790497547.9779866,gimbal,"{""timestamp"": 1790497547.9779866, ""type"": ""gimbal"", ""phase"": ""move_completed"", ""target_yaw"": 0, ""target_pitch"": 0, ""actual_yaw"": -1.4, ""actual_pitch"": 0.5, ""ground_yaw"": 107.9, ""ground_pitch"": 0.0}"
64,1790497548.2523587,tof_sample,"{""timestamp"": 1790497548.2523587, ""type"": ""tof_sample"", ""gimbal_yaw"": 0, ""range_m"": 2.644, ""accepted"": 5}"
65,1790497551.2293153,chassis_wheel_stop,"{""timestamp"": 1790497551.2293153, ""type"": ""chassis_wheel_stop"", ""acknowledged"": true}"
66,1790497551.533795,chassis_stationary,"{""timestamp"": 1790497551.533795, ""type"": ""chassis_stationary"", ""yaw"": -0.6299999999999955, ""position_m"": [1.2309905579933058, 0.0005988583553452886]}"
67,1790497551.5338051,move,"{""timestamp"": 1790497551.5338051, ""type"": ""move"", ""from"": [1, 0], ""to"": [2, 0], ""direction"": 0, ""backtrack"": false, ""odometry_delta_m"": [0.6144050208248517, 0.004013438078957154], ""yaw"": -0.6299999999999955}"
68,1790497551.5339038,scan_mode,"{""timestamp"": 1790497551.5339038, ""type"": ""scan_mode"", ""mode"": ""gimbal""}"
69,1790497551.5339246,gimbal,"{""timestamp"": 1790497551.5339246, ""type"": ""gimbal"", ""phase"": ""reference_reused"", ""target_yaw"": 0, ""target_pitch"": 0, ""actual_yaw"": -1.8, ""actual_pitch"": 0.3, ""ground_yaw"": 108.1, ""ground_pitch"": 0.0}"
70,1790497551.884132,gimbal,"{""timestamp"": 1790497551.884132, ""type"": ""gimbal"", ""phase"": ""move_completed"", ""target_yaw"": 0, ""target_pitch"": 0, ""actual_yaw"": -1.7, ""actual_pitch"": 0.2, ""ground_yaw"": 108.1, ""ground_pitch"": 0.0}"
71,1790497552.1591098,tof_sample,"{""timestamp"": 1790497552.1591098, ""type"": ""tof_sample"", ""gimbal_yaw"": 0, ""range_m"": 1.636, ""accepted"": 5}"
72,1790497552.1591842,gimbal,"{""timestamp"": 1790497552.1591842, ""type"": ""gimbal"", ""phase"": ""move"", ""target_yaw"": -90, ""target_pitch"": 0, ""actual_yaw"": -1.7, ""actual_pitch"": 0.2, ""ground_yaw"": 108.1, ""ground_pitch"": 0.0, ""delta_yaw"": -90, ""delta_pitch"": 0}"
73,1790497552.730172,hardware_action,"{""timestamp"": 1790497552.730172, ""type"": ""hardware_action"", ""name"": ""Gimbal move action"", ""state"": ""action_succeeded"", ""completed"": true, ""succeeded"": true, ""elapsed_sec"": 0.5704813170000307}"
74,1790497553.0803795,gimbal,"{""timestamp"": 1790497553.0803795, ""type"": ""gimbal"", ""phase"": ""move_completed"", ""target_yaw"": -90, ""target_pitch"": 0, ""actual_yaw"": -87.4, ""actual_pitch"": -7.6, ""ground_yaw"": 22.2, ""ground_pitch"": 0.0}"
75,1790497553.3666575,tof_sample,"{""timestamp"": 1790497553.3666575, ""type"": ""tof_sample"", ""gimbal_yaw"": -90, ""range_m"": 0.163, ""accepted"": 5}"
76,1790497553.366717,gimbal,"{""timestamp"": 1790497553.366717, ""type"": ""gimbal"", ""phase"": ""move"", ""target_yaw"": -180, ""target_pitch"": 0, ""actual_yaw"": -87.4, ""actual_pitch"": -7.6, ""ground_yaw"": 22.2, ""ground_pitch"": 0.0, ""delta_yaw"": -90, ""delta_pitch"": 0}"
77,1790497553.9306657,hardware_action,"{""timestamp"": 1790497553.9306657, ""type"": ""hardware_action"", ""name"": ""Gimbal move action"", ""state"": ""action_succeeded"", ""completed"": true, ""succeeded"": true, ""elapsed_sec"": 0.5634677339999143}"
78,1790497554.2808468,gimbal,"{""timestamp"": 1790497554.2808468, ""type"": ""gimbal"", ""phase"": ""move_completed"", ""target_yaw"": -180, ""target_pitch"": 0, ""actual_yaw"": -174.4, ""actual_pitch"": -2.7, ""ground_yaw"": -63.6, ""ground_pitch"": 0.0}"
79,1790497554.5651448,tof_sample,"{""timestamp"": 1790497554.5651448, ""type"": ""tof_sample"", ""gimbal_yaw"": -180, ""range_m"": 1.458, ""accepted"": 5}"
80,1790497554.5651999,gimbal,"{""timestamp"": 1790497554.5651999, ""type"": ""gimbal"", ""phase"": ""move"", ""target_yaw"": 0, ""target_pitch"": 0, ""actual_yaw"": -174.4, ""actual_pitch"": -2.8, ""ground_yaw"": -63.6, ""ground_pitch"": 0.0, ""delta_yaw"": 90, ""delta_pitch"": 0}"
81,1790497555.1306226,hardware_action,"{""timestamp"": 1790497555.1306226, ""type"": ""hardware_action"", ""name"": ""Gimbal move action"", ""state"": ""action_succeeded"", ""completed"": true, ""succeeded"": true, ""elapsed_sec"": 0.5650392770003236}"
82,1790497555.1307294,gimbal,"{""timestamp"": 1790497555.1307294, ""type"": ""gimbal"", ""phase"": ""move"", ""target_yaw"": 0, ""target_pitch"": 0, ""actual_yaw"": -88.5, ""actual_pitch"": -7.7, ""ground_yaw"": 20.7, ""ground_pitch"": 0.0, ""delta_yaw"": 90, ""delta_pitch"": 0}"
83,1790497555.731727,hardware_action,"{""timestamp"": 1790497555.731727, ""type"": ""hardware_action"", ""name"": ""Gimbal move action"", ""state"": ""action_succeeded"", ""completed"": true, ""succeeded"": true, ""elapsed_sec"": 0.5993339719998403}"
84,1790497556.081984,gimbal,"{""timestamp"": 1790497556.081984, ""type"": ""gimbal"", ""phase"": ""move_completed"", ""target_yaw"": 0, ""target_pitch"": 0, ""actual_yaw"": -2.0, ""actual_pitch"": 0.4, ""ground_yaw"": 107.9, ""ground_pitch"": 0.0}"
85,1790497556.0820506,gimbal,"{""timestamp"": 1790497556.0820506, ""type"": ""gimbal"", ""phase"": ""move"", ""target_yaw"": 90, ""target_pitch"": 0, ""actual_yaw"": -2.0, ""actual_pitch"": 0.4, ""ground_yaw"": 107.9, ""ground_pitch"": 0.0, ""delta_yaw"": 90, ""delta_pitch"": 0}"
86,1790497556.6291788,hardware_action,"{""timestamp"": 1790497556.6291788, ""type"": ""hardware_action"", ""name"": ""Gimbal move action"", ""state"": ""action_succeeded"", ""completed"": true, ""succeeded"": true, ""elapsed_sec"": 0.5467170970000552}"
87,1790497556.9794333,gimbal,"{""timestamp"": 1790497556.9794333, ""type"": ""gimbal"", ""phase"": ""move_completed"", ""target_yaw"": 90, ""target_pitch"": 0, ""actual_yaw"": 84.2, ""actual_pitch"": 5.1, ""ground_yaw"": -166.3, ""ground_pitch"": 0.0}"
88,1790497557.2754054,tof_sample,"{""timestamp"": 1790497557.2754054, ""type"": ""tof_sample"", ""gimbal_yaw"": 90, ""range_m"": 0.232, ""accepted"": 5}"
89,1790497557.2754843,gimbal,"{""timestamp"": 1790497557.2754843, ""type"": ""gimbal"", ""phase"": ""move"", ""target_yaw"": 0, ""target_pitch"": 0, ""actual_yaw"": 84.2, ""actual_pitch"": 5.1, ""ground_yaw"": -166.3, ""ground_pitch"": 0.0, ""delta_yaw"": -90, ""delta_pitch"": 0}"
90,1790497557.831011,hardware_action,"{""timestamp"": 1790497557.831011, ""type"": ""hardware_action"", ""name"": ""Gimbal move action"", ""state"": ""action_succeeded"", ""completed"": true, ""succeeded"": true, ""elapsed_sec"": 0.5550319489998401}"
91,1790497558.1811924,gimbal,"{""timestamp"": 1790497558.1811924, ""type"": ""gimbal"", ""phase"": ""move_completed"", ""target_yaw"": 0, ""target_pitch"": 0, ""actual_yaw"": -2.1, ""actual_pitch"": 0.6, ""ground_yaw"": 107.8, ""ground_pitch"": 0.0}"
92,1790497558.577477,tof_sample,"{""timestamp"": 1790497558.577477, ""type"": ""tof_sample"", ""gimbal_yaw"": 0, ""range_m"": 1.686, ""accepted"": 5}"
93,1790497558.5776892,scan,"{""timestamp"": 1790497558.5776892, ""type"": ""scan"", ""cell"": [2, 0], ""pose"": [1.2030853251494893, -0.0011305526933298587, -1.1899999999999977], ""ranges_m"": {""0"": 1.636, ""3"": 0.163, ""2"": 1.458, ""1"": 0.232}, ""scan_headings"": {""0"": 0, ""3"": 0, ""2"": 0, ""1"": 0}}"
94,1790497558.630102,hardware_action,"{""timestamp"": 1790497558.630102, ""type"": ""hardware_action"", ""name"": ""Gimbal front position hold"", ""state"": ""action_succeeded"", ""completed"": true, ""succeeded"": true, ""elapsed_sec"": 0.04894503200011968}"
95,1790497558.6301234,gimbal,"{""timestamp"": 1790497558.6301234, ""type"": ""gimbal"", ""phase"": ""front_position_hold"", ""target_yaw"": 0, ""target_pitch"": 0, ""actual_yaw"": -1.8, ""actual_pitch"": 0.8, ""ground_yaw"": 108.2, ""ground_pitch"": 0.0}"
96,1790497560.0523872,gimbal,"{""timestamp"": 1790497560.0523872, ""type"": ""gimbal"", ""phase"": ""move_completed"", ""target_yaw"": 0, ""target_pitch"": 0, ""actual_yaw"": -2.0, ""actual_pitch"": 0.3, ""ground_yaw"": 108.2, ""ground_pitch"": 0.0}"
97,1790497560.3261685,tof_sample,"{""timestamp"": 1790497560.3261685, ""type"": ""tof_sample"", ""gimbal_yaw"": 0, ""range_m"": 1.644, ""accepted"": 5}"
98,1790497563.249799,chassis_wheel_stop,"{""timestamp"": 1790497563.249799, ""type"": ""chassis_wheel_stop"", ""acknowledged"": true}"
99,1790497563.5549572,chassis_stationary,"{""timestamp"": 1790497563.5549572, ""type"": ""chassis_stationary"", ""yaw"": -0.4399999999999977, ""position_m"": [1.844720082598268, 0.021215335459038642]}"
100,1790497563.5549664,move,"{""timestamp"": 1790497563.5549664, ""type"": ""move"", ""from"": [2, 0], ""to"": [3, 0], ""direction"": 0, ""backtrack"": false, ""odometry_delta_m"": [0.6181676555377993, 0.021604401100262183], ""yaw"": -0.4399999999999977}"
101,1790497563.5550616,scan_mode,"{""timestamp"": 1790497563.5550616, ""type"": ""scan_mode"", ""mode"": ""gimbal""}"
102,1790497563.5550861,gimbal,"{""timestamp"": 1790497563.5550861, ""type"": ""gimbal"", ""phase"": ""reference_reused"", ""target_yaw"": 0, ""target_pitch"": 0, ""actual_yaw"": -1.9, ""actual_pitch"": -0.1, ""ground_yaw"": 108.6, ""ground_pitch"": 0.0}"
103,1790497563.905287,gimbal,"{""timestamp"": 1790497563.905287, ""type"": ""gimbal"", ""phase"": ""move_completed"", ""target_yaw"": 0, ""target_pitch"": 0, ""actual_yaw"": -1.9, ""actual_pitch"": -0.1, ""ground_yaw"": 108.6, ""ground_pitch"": 0.0}"
104,1790497564.1388865,tof_sample,"{""timestamp"": 1790497564.1388865, ""type"": ""tof_sample"", ""gimbal_yaw"": 0, ""range_m"": 0.83, ""accepted"": 5}"
105,1790497564.1389394,gimbal,"{""timestamp"": 1790497564.1389394, ""type"": ""gimbal"", ""phase"": ""move"", ""target_yaw"": -90, ""target_pitch"": 0, ""actual_yaw"": -1.9, ""actual_pitch"": -0.1, ""ground_yaw"": 108.6, ""ground_pitch"": 0.0, ""delta_yaw"": -90, ""delta_pitch"": 0}"
106,1790497564.7293596,hardware_action,"{""timestamp"": 1790497564.7293596, ""type"": ""hardware_action"", ""name"": ""Gimbal move action"", ""state"": ""action_succeeded"", ""completed"": true, ""succeeded"": true, ""elapsed_sec"": 0.5900453989997914}"
107,1790497565.0795813,gimbal,"{""timestamp"": 1790497565.0795813, ""type"": ""gimbal"", ""phase"": ""move_completed"", ""target_yaw"": -90, ""target_pitch"": 0, ""actual_yaw"": -88.2, ""actual_pitch"": -7.2, ""ground_yaw"": 22.5, ""ground_pitch"": 0.0}"
108,1790497565.4969878,tof_sample,"{""timestamp"": 1790497565.4969878, ""type"": ""tof_sample"", ""gimbal_yaw"": -90, ""range_m"": 0.202, ""accepted"": 5}"
109,1790497565.497029,gimbal,"{""timestamp"": 1790497565.497029, ""type"": ""gimbal"", ""phase"": ""move"", ""target_yaw"": -180, ""target_pitch"": 0, ""actual_yaw"": -88.2, ""actual_pitch"": -7.3, ""ground_yaw"": 22.5, ""ground_pitch"": 0.0, ""delta_yaw"": -90, ""delta_pitch"": 0}"
110,1790497566.0320523,hardware_action,"{""timestamp"": 1790497566.0320523, ""type"": ""hardware_action"", ""name"": ""Gimbal move action"", ""state"": ""action_succeeded"", ""completed"": true, ""succeeded"": true, ""elapsed_sec"": 0.5347006000001784}"
111,1790497566.3822987,gimbal,"{""timestamp"": 1790497566.3822987, ""type"": ""gimbal"", ""phase"": ""move_completed"", ""target_yaw"": -180, ""target_pitch"": 0, ""actual_yaw"": -175.3, ""actual_pitch"": -2.3, ""ground_yaw"": -63.4, ""ground_pitch"": 0.0}"
112,1790497566.8403847,tof_sample,"{""timestamp"": 1790497566.8403847, ""type"": ""tof_sample"", ""gimbal_yaw"": -180, ""range_m"": 1.943, ""accepted"": 5}"
113,1790497566.8404436,gimbal,"{""timestamp"": 1790497566.8404436, ""type"": ""gimbal"", ""phase"": ""move"", ""target_yaw"": 0, ""target_pitch"": 0, ""actual_yaw"": -175.2, ""actual_pitch"": -2.4, ""ground_yaw"": -63.4, ""ground_pitch"": 0.0, ""delta_yaw"": 90, ""delta_pitch"": 0}"
114,1790497567.431469,hardware_action,"{""timestamp"": 1790497567.431469, ""type"": ""hardware_action"", ""name"": ""Gimbal move action"", ""state"": ""action_succeeded"", ""completed"": true, ""succeeded"": true, ""elapsed_sec"": 0.5906066269999428}"
115,1790497567.4315908,gimbal,"{""timestamp"": 1790497567.4315908, ""type"": ""gimbal"", ""phase"": ""move"", ""target_yaw"": 0, ""target_pitch"": 0, ""actual_yaw"": -84.3, ""actual_pitch"": -7.5, ""ground_yaw"": 25.4, ""ground_pitch"": 0.0, ""delta_yaw"": 90, ""delta_pitch"": 0}"
116,1790497568.030713,hardware_action,"{""timestamp"": 1790497568.030713, ""type"": ""hardware_action"", ""name"": ""Gimbal move action"", ""state"": ""action_succeeded"", ""completed"": true, ""succeeded"": true, ""elapsed_sec"": 0.597969748000196}"
117,1790497568.3811367,gimbal,"{""timestamp"": 1790497568.3811367, ""type"": ""gimbal"", ""phase"": ""move_completed"", ""target_yaw"": 0, ""target_pitch"": 0, ""actual_yaw"": -2.6, ""actual_pitch"": 0.1, ""ground_yaw"": 108.4, ""ground_pitch"": 0.0}"
118,1790497568.3811939,gimbal,"{""timestamp"": 1790497568.3811939, ""type"": ""gimbal"", ""phase"": ""move"", ""target_yaw"": 90, ""target_pitch"": 0, ""actual_yaw"": -2.6, ""actual_pitch"": 0.1, ""ground_yaw"": 108.4, ""ground_pitch"": 0.0, ""delta_yaw"": 90, ""delta_pitch"": 0}"
119,1790497568.9296088,hardware_action,"{""timestamp"": 1790497568.9296088, ""type"": ""hardware_action"", ""name"": ""Gimbal move action"", ""state"": ""action_succeeded"", ""completed"": true, ""succeeded"": true, ""elapsed_sec"": 0.5479748669999935}"
120,1790497569.279885,gimbal,"{""timestamp"": 1790497569.279885, ""type"": ""gimbal"", ""phase"": ""move_completed"", ""target_yaw"": 90, ""target_pitch"": 0, ""actual_yaw"": 83.8, ""actual_pitch"": 4.7, ""ground_yaw"": -165.7, ""ground_pitch"": 0.0}"
121,1790497569.708454,tof_sample,"{""timestamp"": 1790497569.708454, ""type"": ""tof_sample"", ""gimbal_yaw"": 90, ""range_m"": 4.356, ""accepted"": 5}"
122,1790497569.7085156,gimbal,"{""timestamp"": 1790497569.7085156, ""type"": ""gimbal"", ""phase"": ""move"", ""target_yaw"": 0, ""target_pitch"": 0, ""actual_yaw"": 83.8, ""actual_pitch"": 4.7, ""ground_yaw"": -165.7, ""ground_pitch"": 0.0, ""delta_yaw"": -90, ""delta_pitch"": 0}"
123,1790497570.2307117,hardware_action,"{""timestamp"": 1790497570.2307117, ""type"": ""hardware_action"", ""name"": ""Gimbal move action"", ""state"": ""action_succeeded"", ""completed"": true, ""succeeded"": true, ""elapsed_sec"": 0.5216233289997945}"
124,1790497570.5808885,gimbal,"{""timestamp"": 1790497570.5808885, ""type"": ""gimbal"", ""phase"": ""move_completed"", ""target_yaw"": 0, ""target_pitch"": 0, ""actual_yaw"": -2.4, ""actual_pitch"": 0.3, ""ground_yaw"": 108.6, ""ground_pitch"": 0.0}"
125,1790497570.8561306,tof_sample,"{""timestamp"": 1790497570.8561306, ""type"": ""tof_sample"", ""gimbal_yaw"": 0, ""range_m"": 0.842, ""accepted"": 5}"
126,1790497570.856365,scan,"{""timestamp"": 1790497570.856365, ""type"": ""scan"", ""cell"": [3, 0], ""pose"": [1.7046394538122622, 0.020473848406932324, -0.4099999999999966], ""ranges_m"": {""0"": 0.83, ""3"": 0.202, ""2"": 1.943, ""1"": 4.356}, ""scan_headings"": {""0"": 0, ""3"": 0, ""2"": 0, ""1"": 0}}"
127,1790497570.9339728,hardware_action,"{""timestamp"": 1790497570.9339728, ""type"": ""hardware_action"", ""name"": ""Gimbal front position hold"", ""state"": ""action_succeeded"", ""completed"": true, ""succeeded"": true, ""elapsed_sec"": 0.07257603200014273}"
128,1790497570.9339979,gimbal,"{""timestamp"": 1790497570.9339979, ""type"": ""gimbal"", ""phase"": ""front_position_hold"", ""target_yaw"": 0, ""target_pitch"": 0, ""actual_yaw"": -2.4, ""actual_pitch"": 0.3, ""ground_yaw"": 108.6, ""ground_pitch"": 0.0}"
129,1790497571.2846572,gimbal,"{""timestamp"": 1790497571.2846572, ""type"": ""gimbal"", ""phase"": ""move_completed"", ""target_yaw"": 0, ""target_pitch"": 0, ""actual_yaw"": -1.9, ""actual_pitch"": 0.3, ""ground_yaw"": 109.0, ""ground_pitch"": 0.0}"
130,1790497571.558964,tof_sample,"{""timestamp"": 1790497571.558964, ""type"": ""tof_sample"", ""gimbal_yaw"": 0, ""range_m"": 0.838, ""accepted"": 5}"
131,1790497574.4317849,chassis_wheel_stop,"{""timestamp"": 1790497574.4317849, ""type"": ""chassis_wheel_stop"", ""acknowledged"": true}"
132,1790497574.7356534,chassis_stationary,"{""timestamp"": 1790497574.7356534, ""type"": ""chassis_stationary"", ""yaw"": -0.4399999999999977, ""position_m"": [2.4550235554455484, 0.06131181947632647]}"
133,1790497574.7356641,move,"{""timestamp"": 1790497574.7356641, ""type"": ""move"", ""from"": [3, 0], ""to"": [4, 0], ""direction"": 0, ""backtrack"": false, ""odometry_delta_m"": [0.609224190511837, 0.03986164441160023], ""yaw"": -0.4399999999999977}"
134,1790497574.7357602,scan_mode,"{""timestamp"": 1790497574.7357602, ""type"": ""scan_mode"", ""mode"": ""gimbal""}"
135,1790497574.7357886,gimbal,"{""timestamp"": 1790497574.7357886, ""type"": ""gimbal"", ""phase"": ""reference_reused"", ""target_yaw"": 0, ""target_pitch"": 0, ""actual_yaw"": -2.4, ""actual_pitch"": 0.0, ""ground_yaw"": 108.7, ""ground_pitch"": 0.0}"
136,1790497575.0859873,gimbal,"{""timestamp"": 1790497575.0859873, ""type"": ""gimbal"", ""phase"": ""move_completed"", ""target_yaw"": 0, ""target_pitch"": 0, ""actual_yaw"": -2.3, ""actual_pitch"": 0.0, ""ground_yaw"": 108.7, ""ground_pitch"": 0.0}"
137,1790497575.3205686,tof_sample,"{""timestamp"": 1790497575.3205686, ""type"": ""tof_sample"", ""gimbal_yaw"": 0, ""range_m"": 0.139, ""accepted"": 5}"
138,1790497575.320639,gimbal,"{""timestamp"": 1790497575.320639, ""type"": ""gimbal"", ""phase"": ""move"", ""target_yaw"": -90, ""target_pitch"": 0, ""actual_yaw"": -2.3, ""actual_pitch"": -0.1, ""ground_yaw"": 108.7, ""ground_pitch"": 0.0, ""delta_yaw"": -90, ""delta_pitch"": 0}"
139,1790497575.930436,hardware_action,"{""timestamp"": 1790497575.930436, ""type"": ""hardware_action"", ""name"": ""Gimbal move action"", ""state"": ""action_succeeded"", ""completed"": true, ""succeeded"": true, ""elapsed_sec"": 0.6092113300001074}"
140,1790497576.2807024,gimbal,"{""timestamp"": 1790497576.2807024, ""type"": ""gimbal"", ""phase"": ""move_completed"", ""target_yaw"": -90, ""target_pitch"": 0, ""actual_yaw"": -88.2, ""actual_pitch"": -7.1, ""ground_yaw"": 22.8, ""ground_pitch"": 0.0}"
141,1790497576.6169183,tof_sample,"{""timestamp"": 1790497576.6169183, ""type"": ""tof_sample"", ""gimbal_yaw"": -90, ""range_m"": 0.217, ""accepted"": 5}"
142,1790497576.6169791,gimbal,"{""timestamp"": 1790497576.6169791, ""type"": ""gimbal"", ""phase"": ""move"", ""target_yaw"": -180, ""target_pitch"": 0, ""actual_yaw"": -88.2, ""actual_pitch"": -7.1, ""ground_yaw"": 22.8, ""ground_pitch"": 0.0, ""delta_yaw"": -90, ""delta_pitch"": 0}"
143,1790497577.2320168,hardware_action,"{""timestamp"": 1790497577.2320168, ""type"": ""hardware_action"", ""name"": ""Gimbal move action"", ""state"": ""action_succeeded"", ""completed"": true, ""succeeded"": true, ""elapsed_sec"": 0.6146248999998534}"
144,1790497577.582226,gimbal,"{""timestamp"": 1790497577.582226, ""type"": ""gimbal"", ""phase"": ""move_completed"", ""target_yaw"": -180, ""target_pitch"": 0, ""actual_yaw"": -175.1, ""actual_pitch"": -2.4, ""ground_yaw"": -63.0, ""ground_pitch"": 0.0}"
145,1790497577.9280193,tof_sample,"{""timestamp"": 1790497577.9280193, ""type"": ""tof_sample"", ""gimbal_yaw"": -180, ""range_m"": 2.361, ""accepted"": 5}"
146,1790497577.9280791,gimbal,"{""timestamp"": 1790497577.9280791, ""type"": ""gimbal"", ""phase"": ""move"", ""target_yaw"": 0, ""target_pitch"": 0, ""actual_yaw"": -175.0, ""actual_pitch"": -2.5, ""ground_yaw"": -63.0, ""ground_pitch"": 0.0, ""delta_yaw"": 90, ""delta_pitch"": 0}"
147,1790497578.5316262,hardware_action,"{""timestamp"": 1790497578.5316262, ""type"": ""hardware_action"", ""name"": ""Gimbal move action"", ""state"": ""action_succeeded"", ""completed"": true, ""succeeded"": true, ""elapsed_sec"": 0.6030563609997444}"
148,1790497578.5317376,gimbal,"{""timestamp"": 1790497578.5317376, ""type"": ""gimbal"", ""phase"": ""move"", ""target_yaw"": 0, ""target_pitch"": 0, ""actual_yaw"": -83.1, ""actual_pitch"": -7.4, ""ground_yaw"": 27.0, ""ground_pitch"": -0.1, ""delta_yaw"": 90, ""delta_pitch"": 0}"
149,1790497579.132117,hardware_action,"{""timestamp"": 1790497579.132117, ""type"": ""hardware_action"", ""name"": ""Gimbal move action"", ""state"": ""action_succeeded"", ""completed"": true, ""succeeded"": true, ""elapsed_sec"": 0.5999013190003097}"
150,1790497579.4823902,gimbal,"{""timestamp"": 1790497579.4823902, ""type"": ""gimbal"", ""phase"": ""move_completed"", ""target_yaw"": 0, ""target_pitch"": 0, ""actual_yaw"": -3.1, ""actual_pitch"": 0.0, ""ground_yaw"": 108.1, ""ground_pitch"": 0.0}"
151,1790497579.4824722,gimbal,"{""timestamp"": 1790497579.4824722, ""type"": ""gimbal"", ""phase"": ""move"", ""target_yaw"": 90, ""target_pitch"": 0, ""actual_yaw"": -3.1, ""actual_pitch"": 0.0, ""ground_yaw"": 108.1, ""ground_pitch"": 0.0, ""delta_yaw"": 90, ""delta_pitch"": 0}"
152,1790497580.0307932,hardware_action,"{""timestamp"": 1790497580.0307932, ""type"": ""hardware_action"", ""name"": ""Gimbal move action"", ""state"": ""action_succeeded"", ""completed"": true, ""succeeded"": true, ""elapsed_sec"": 0.5476293549995717}"
153,1790497580.3810575,gimbal,"{""timestamp"": 1790497580.3810575, ""type"": ""gimbal"", ""phase"": ""move_completed"", ""target_yaw"": 90, ""target_pitch"": 0, ""actual_yaw"": 83.4, ""actual_pitch"": 4.8, ""ground_yaw"": -166.0, ""ground_pitch"": 0.0}"
154,1790497580.626138,tof_sample,"{""timestamp"": 1790497580.626138, ""type"": ""tof_sample"", ""gimbal_yaw"": 90, ""range_m"": 0.166, ""accepted"": 5}"
155,1790497580.6262016,gimbal,"{""timestamp"": 1790497580.6262016, ""type"": ""gimbal"", ""phase"": ""move"", ""target_yaw"": 0, ""target_pitch"": 0, ""actual_yaw"": 83.4, ""actual_pitch"": 4.7, ""ground_yaw"": -166.0, ""ground_pitch"": 0.0, ""delta_yaw"": -90, ""delta_pitch"": 0}"
156,1790497581.2312593,hardware_action,"{""timestamp"": 1790497581.2312593, ""type"": ""hardware_action"", ""name"": ""Gimbal move action"", ""state"": ""action_succeeded"", ""completed"": true, ""succeeded"": true, ""elapsed_sec"": 0.6046029419999286}"
157,1790497581.5814857,gimbal,"{""timestamp"": 1790497581.5814857, ""type"": ""gimbal"", ""phase"": ""move_completed"", ""target_yaw"": 0, ""target_pitch"": 0, ""actual_yaw"": -3.1, ""actual_pitch"": 0.1, ""ground_yaw"": 108.0, ""ground_pitch"": 0.0}"
158,1790497582.0283432,tof_sample,"{""timestamp"": 1790497582.0283432, ""type"": ""tof_sample"", ""gimbal_yaw"": 0, ""range_m"": 0.163, ""accepted"": 5}"
159,1790497582.0284653,range_mismatch,"{""timestamp"": 1790497582.0284653, ""type"": ""range_mismatch"", ""direction"": ""S"", ""residual_m"": -0.21536364432409938}"
160,1790497582.0285451,scan,"{""timestamp"": 1790497582.0285451, ""type"": ""scan"", ""cell"": [4, 0], ""pose"": [2.3138636443240994, 0.06033549281853255, -0.4900000000000091], ""ranges_m"": {""0"": 0.139, ""3"": 0.217, ""2"": 2.361, ""1"": 0.166}, ""scan_headings"": {""0"": 0, ""3"": 0, ""2"": 0, ""1"": 0}}"
161,1790497582.1225882,hardware_action,"{""timestamp"": 1790497582.1225882, ""type"": ""hardware_action"", ""name"": ""Gimbal front position hold"", ""state"": ""action_succeeded"", ""completed"": true, ""succeeded"": true, ""elapsed_sec"": 0.08860305600001084}"
162,1790497582.122612,gimbal,"{""timestamp"": 1790497582.122612, ""type"": ""gimbal"", ""phase"": ""front_position_hold"", ""target_yaw"": 0, ""target_pitch"": 0, ""actual_yaw"": -3.1, ""actual_pitch"": 0.0, ""ground_yaw"": 108.1, ""ground_pitch"": 0.0}"
163,1790497586.6741793,gimbal,"{""timestamp"": 1790497586.6741793, ""type"": ""gimbal"", ""phase"": ""move_completed"", ""target_yaw"": 0, ""target_pitch"": 0, ""actual_yaw"": -2.7, ""actual_pitch"": -0.7, ""ground_yaw"": -72.7, ""ground_pitch"": 0.0}"
164,1790497586.998203,tof_sample,"{""timestamp"": 1790497586.998203, ""type"": ""tof_sample"", ""gimbal_yaw"": 0, ""range_m"": 2.95, ""accepted"": 5}"
165,1790497590.1871157,chassis_wheel_stop,"{""timestamp"": 1790497590.1871157, ""type"": ""chassis_wheel_stop"", ""acknowledged"": true}"
166,1790497590.4921412,chassis_stationary,"{""timestamp"": 1790497590.4921412, ""type"": ""chassis_stationary"", ""yaw"": -179.68, ""position_m"": [1.838812298112779, 0.08995232464588787]}"
167,1790497590.4921496,move,"{""timestamp"": 1790497590.4921496, ""type"": ""move"", ""from"": [4, 0], ""to"": [3, 0], ""direction"": 2, ""backtrack"": true, ""odometry_delta_m"": [-0.6176550949206894, 0.02873124115861614], ""yaw"": -179.68}"
168,1790497590.4922216,scan_mode,"{""timestamp"": 1790497590.4922216, ""type"": ""scan_mode"", ""mode"": ""gimbal""}"
169,1790497590.4922388,gimbal,"{""timestamp"": 1790497590.4922388, ""type"": ""gimbal"", ""phase"": ""reference_reused"", ""target_yaw"": 0, ""target_pitch"": 0, ""actual_yaw"": -3.1, ""actual_pitch"": -1.4, ""ground_yaw"": -73.4, ""ground_pitch"": 0.0}"
170,1790497590.842416,gimbal,"{""timestamp"": 1790497590.842416, ""type"": ""gimbal"", ""phase"": ""move_completed"", ""target_yaw"": 0, ""target_pitch"": 0, ""actual_yaw"": -3.1, ""actual_pitch"": -1.4, ""ground_yaw"": -73.3, ""ground_pitch"": 0.0}"
171,1790497591.2586455,tof_sample,"{""timestamp"": 1790497591.2586455, ""type"": ""tof_sample"", ""gimbal_yaw"": 0, ""range_m"": 2.218, ""accepted"": 5}"
172,1790497591.258697,gimbal,"{""timestamp"": 1790497591.258697, ""type"": ""gimbal"", ""phase"": ""move"", ""target_yaw"": -90, ""target_pitch"": 0, ""actual_yaw"": -3.1, ""actual_pitch"": -1.5, ""ground_yaw"": -73.3, ""ground_pitch"": 0.0, ""delta_yaw"": -90, ""delta_pitch"": 0}"
173,1790497591.8315492,hardware_action,"{""timestamp"": 1790497591.8315492, ""type"": ""hardware_action"", ""name"": ""Gimbal move action"", ""state"": ""action_succeeded"", ""completed"": true, ""succeeded"": true, ""elapsed_sec"": 0.5724693020001723}"
174,1790497592.1818395,gimbal,"{""timestamp"": 1790497592.1818395, ""type"": ""gimbal"", ""phase"": ""move_completed"", ""target_yaw"": -90, ""target_pitch"": 0, ""actual_yaw"": -89.4, ""actual_pitch"": 5.5, ""ground_yaw"": -159.0, ""ground_pitch"": 0.0}"
175,1790497592.456869,tof_sample,"{""timestamp"": 1790497592.456869, ""type"": ""tof_sample"", ""gimbal_yaw"": -90, ""range_m"": 3.642, ""accepted"": 5}"
176,1790497592.4569435,gimbal,"{""timestamp"": 1790497592.4569435, ""type"": ""gimbal"", ""phase"": ""move"", ""target_yaw"": -180, ""target_pitch"": 0, ""actual_yaw"": -89.3, ""actual_pitch"": 5.5, ""ground_yaw"": -159.0, ""ground_pitch"": 0.0, ""delta_yaw"": -90, ""delta_pitch"": 0}"
177,1790497593.0241363,hardware_action,"{""timestamp"": 1790497593.0241363, ""type"": ""hardware_action"", ""name"": ""Gimbal move action"", ""state"": ""action_succeeded"", ""completed"": true, ""succeeded"": true, ""elapsed_sec"": 0.5666245979996347}"
178,1790497593.3743882,gimbal,"{""timestamp"": 1790497593.3743882, ""type"": ""gimbal"", ""phase"": ""move_completed"", ""target_yaw"": -180, ""target_pitch"": 0, ""actual_yaw"": -176.0, ""actual_pitch"": 0.6, ""ground_yaw"": 115.1, ""ground_pitch"": 0.0}"
179,1790497593.6175911,tof_sample,"{""timestamp"": 1790497593.6175911, ""type"": ""tof_sample"", ""gimbal_yaw"": -180, ""range_m"": 0.942, ""accepted"": 5}"
180,1790497593.6176786,gimbal,"{""timestamp"": 1790497593.6176786, ""type"": ""gimbal"", ""phase"": ""move"", ""target_yaw"": 0, ""target_pitch"": 0, ""actual_yaw"": -176.0, ""actual_pitch"": 0.5, ""ground_yaw"": 115.1, ""ground_pitch"": 0.0, ""delta_yaw"": 90, ""delta_pitch"": 0}"
181,1790497594.2314496,hardware_action,"{""timestamp"": 1790497594.2314496, ""type"": ""hardware_action"", ""name"": ""Gimbal move action"", ""state"": ""action_succeeded"", ""completed"": true, ""succeeded"": true, ""elapsed_sec"": 0.6130154049997145}"
182,1790497594.2315662,gimbal,"{""timestamp"": 1790497594.2315662, ""type"": ""gimbal"", ""phase"": ""move"", ""target_yaw"": 0, ""target_pitch"": 0, ""actual_yaw"": -83.2, ""actual_pitch"": 5.4, ""ground_yaw"": -154.0, ""ground_pitch"": 0.0, ""delta_yaw"": 90, ""delta_pitch"": 0}"
183,1790497594.8308012,hardware_action,"{""timestamp"": 1790497594.8308012, ""type"": ""hardware_action"", ""name"": ""Gimbal move action"", ""state"": ""action_succeeded"", ""completed"": true, ""succeeded"": true, ""elapsed_sec"": 0.5988153510002121}"
184,1790497595.1810305,gimbal,"{""timestamp"": 1790497595.1810305, ""type"": ""gimbal"", ""phase"": ""move_completed"", ""target_yaw"": 0, ""target_pitch"": 0, ""actual_yaw"": -4.1, ""actual_pitch"": -0.7, ""ground_yaw"": -73.8, ""ground_pitch"": 0.0}"
185,1790497595.1811113,gimbal,"{""timestamp"": 1790497595.1811113, ""type"": ""gimbal"", ""phase"": ""move"", ""target_yaw"": 90, ""target_pitch"": 0, ""actual_yaw"": -4.1, ""actual_pitch"": -0.7, ""ground_yaw"": -73.8, ""ground_pitch"": 0.0, ""delta_yaw"": 90, ""delta_pitch"": 0}"
186,1790497595.7317066,hardware_action,"{""timestamp"": 1790497595.7317066, ""type"": ""hardware_action"", ""name"": ""Gimbal move action"", ""state"": ""action_succeeded"", ""completed"": true, ""succeeded"": true, ""elapsed_sec"": 0.550137722999807}"
187,1790497596.081922,gimbal,"{""timestamp"": 1790497596.081922, ""type"": ""gimbal"", ""phase"": ""move_completed"", ""target_yaw"": 90, ""target_pitch"": 0, ""actual_yaw"": 82.0, ""actual_pitch"": -8.3, ""ground_yaw"": 11.4, ""ground_pitch"": 0.0}"
188,1790497596.469631,tof_sample,"{""timestamp"": 1790497596.469631, ""type"": ""tof_sample"", ""gimbal_yaw"": 90, ""range_m"": 0.287, ""accepted"": 5}"
189,1790497596.4697106,gimbal,"{""timestamp"": 1790497596.4697106, ""type"": ""gimbal"", ""phase"": ""move"", ""target_yaw"": 0, ""target_pitch"": 0, ""actual_yaw"": 82.0, ""actual_pitch"": -8.3, ""ground_yaw"": 11.4, ""ground_pitch"": 0.0, ""delta_yaw"": -90, ""delta_pitch"": 0}"
190,1790497597.0305855,hardware_action,"{""timestamp"": 1790497597.0305855, ""type"": ""hardware_action"", ""name"": ""Gimbal move action"", ""state"": ""action_succeeded"", ""completed"": true, ""succeeded"": true, ""elapsed_sec"": 0.5599869929997112}"
191,1790497597.3808498,gimbal,"{""timestamp"": 1790497597.3808498, ""type"": ""gimbal"", ""phase"": ""move_completed"", ""target_yaw"": 0, ""target_pitch"": 0, ""actual_yaw"": -4.3, ""actual_pitch"": -0.5, ""ground_yaw"": -74.3, ""ground_pitch"": 0.0}"
192,1790497597.6255002,tof_sample,"{""timestamp"": 1790497597.6255002, ""type"": ""tof_sample"", ""gimbal_yaw"": 0, ""range_m"": 2.237, ""accepted"": 5}"
193,1790497597.625616,range_mismatch,"{""timestamp"": 1790497597.625616, ""type"": ""range_mismatch"", ""direction"": ""S"", ""residual_m"": 0.25929145059659}"
194,1790497597.6257522,scan,"{""timestamp"": 1790497597.6257522, ""type"": ""scan"", ""cell"": [3, 0], ""pose"": [1.7180284676019866, 0.026869421430354028, -179.88], ""ranges_m"": {""2"": 2.218, ""1"": 3.642, ""0"": 0.942, ""3"": 0.287}, ""scan_headings"": {""2"": 2, ""1"": 2, ""0"": 2, ""3"": 2}}"
195,1790497597.7331223,hardware_action,"{""timestamp"": 1790497597.7331223, ""type"": ""hardware_action"", ""name"": ""Gimbal front position hold"", ""state"": ""action_succeeded"", ""completed"": true, ""succeeded"": true, ""elapsed_sec"": 0.09949981599993407}"
196,1790497597.7331414,gimbal,"{""timestamp"": 1790497597.7331414, ""type"": ""gimbal"", ""phase"": ""front_position_hold"", ""target_yaw"": 0, ""target_pitch"": 0, ""actual_yaw"": -3.6, ""actual_pitch"": -1.0, ""ground_yaw"": -73.3, ""ground_pitch"": -0.2}"
197,1790497600.7273898,gimbal,"{""timestamp"": 1790497600.7273898, ""type"": ""gimbal"", ""phase"": ""move_completed"", ""target_yaw"": 0, ""target_pitch"": 0, ""actual_yaw"": -3.5, ""actual_pitch"": 5.6, ""ground_yaw"": -164.7, ""ground_pitch"": 0.0}"
198,1790497600.9798918,tof_sample,"{""timestamp"": 1790497600.9798918, ""type"": ""tof_sample"", ""gimbal_yaw"": 0, ""range_m"": 4.212, ""accepted"": 5}"
199,1790497604.2073505,chassis_wheel_stop,"{""timestamp"": 1790497604.2073505, ""type"": ""chassis_wheel_stop"", ""acknowledged"": true}"
200,1790497604.5114288,chassis_stationary,"{""timestamp"": 1790497604.5114288, ""type"": ""chassis_stationary"", ""yaw"": 89.52999999999997, ""position_m"": [1.8185654795471116, 0.6946460397926296]}"
201,1790497604.511437,move,"{""timestamp"": 1790497604.511437, ""type"": ""move"", ""from"": [3, 0], ""to"": [3, 1], ""direction"": 1, ""backtrack"": false, ""odometry_delta_m"": [-0.020998837854761865, 0.6081158003281524], ""yaw"": 89.52999999999997}"
202,1790497604.5115147,scan_mode,"{""timestamp"": 1790497604.5115147, ""type"": ""scan_mode"", ""mode"": ""gimbal""}"
203,1790497604.511536,gimbal,"{""timestamp"": 1790497604.511536, ""type"": ""gimbal"", ""phase"": ""reference_reused"", ""target_yaw"": 0, ""target_pitch"": 0, ""actual_yaw"": -4.0, ""actual_pitch"": 5.4, ""ground_yaw"": -165.9, ""ground_pitch"": 0.0}"
204,1790497604.8616827,gimbal,"{""timestamp"": 1790497604.8616827, ""type"": ""gimbal"", ""phase"": ""move_completed"", ""target_yaw"": 0, ""target_pitch"": 0, ""actual_yaw"": -3.9, ""actual_pitch"": 5.4, ""ground_yaw"": -165.9, ""ground_pitch"": 0.0}"
205,1790497605.3406165,tof_sample,"{""timestamp"": 1790497605.3406165, ""type"": ""tof_sample"", ""gimbal_yaw"": 0, ""range_m"": 3.699, ""accepted"": 5}"
206,1790497605.340681,gimbal,"{""timestamp"": 1790497605.340681, ""type"": ""gimbal"", ""phase"": ""move"", ""target_yaw"": -90, ""target_pitch"": 0, ""actual_yaw"": -3.9, ""actual_pitch"": 5.4, ""ground_yaw"": -165.9, ""ground_pitch"": 0.0, ""delta_yaw"": -90, ""delta_pitch"": 0}"
207,1790497605.9323518,hardware_action,"{""timestamp"": 1790497605.9323518, ""type"": ""hardware_action"", ""name"": ""Gimbal move action"", ""state"": ""action_succeeded"", ""completed"": true, ""succeeded"": true, ""elapsed_sec"": 0.5912813709996954}"
208,1790497606.2826097,gimbal,"{""timestamp"": 1790497606.2826097, ""type"": ""gimbal"", ""phase"": ""move_completed"", ""target_yaw"": -90, ""target_pitch"": 0, ""actual_yaw"": -90.9, ""actual_pitch"": 0.0, ""ground_yaw"": 107.8, ""ground_pitch"": 0.0}"
209,1790497606.547891,tof_sample,"{""timestamp"": 1790497606.547891, ""type"": ""tof_sample"", ""gimbal_yaw"": -90, ""range_m"": 0.175, ""accepted"": 5}"
210,1790497606.5479627,gimbal,"{""timestamp"": 1790497606.5479627, ""type"": ""gimbal"", ""phase"": ""move"", ""target_yaw"": -180, ""target_pitch"": 0, ""actual_yaw"": -90.9, ""actual_pitch"": 0.0, ""ground_yaw"": 107.8, ""ground_pitch"": 0.0, ""delta_yaw"": -90, ""delta_pitch"": 0}"
211,1790497607.1325371,hardware_action,"{""timestamp"": 1790497607.1325371, ""type"": ""hardware_action"", ""name"": ""Gimbal move action"", ""state"": ""action_succeeded"", ""completed"": true, ""succeeded"": true, ""elapsed_sec"": 0.5841110490000574}"
212,1790497607.4828436,gimbal,"{""timestamp"": 1790497607.4828436, ""type"": ""gimbal"", ""phase"": ""move_completed"", ""target_yaw"": -180, ""target_pitch"": 0, ""actual_yaw"": -177.3, ""actual_pitch"": -8.2, ""ground_yaw"": 22.0, ""ground_pitch"": 0.0}"
213,1790497607.7476425,tof_sample,"{""timestamp"": 1790497607.7476425, ""type"": ""tof_sample"", ""gimbal_yaw"": -180, ""range_m"": 0.92, ""accepted"": 5}"
214,1790497607.747708,gimbal,"{""timestamp"": 1790497607.747708, ""type"": ""gimbal"", ""phase"": ""move"", ""target_yaw"": 0, ""target_pitch"": 0, ""actual_yaw"": -177.3, ""actual_pitch"": -8.1, ""ground_yaw"": 22.0, ""ground_pitch"": 0.0, ""delta_yaw"": 90, ""delta_pitch"": 0}"
215,1790497608.3325489,hardware_action,"{""timestamp"": 1790497608.3325489, ""type"": ""hardware_action"", ""name"": ""Gimbal move action"", ""state"": ""action_succeeded"", ""completed"": true, ""succeeded"": true, ""elapsed_sec"": 0.5844016239998382}"
216,1790497608.3326564,gimbal,"{""timestamp"": 1790497608.3326564, ""type"": ""gimbal"", ""phase"": ""move"", ""target_yaw"": 0, ""target_pitch"": 0, ""actual_yaw"": -87.3, ""actual_pitch"": 0.0, ""ground_yaw"": 110.1, ""ground_pitch"": 0.1, ""delta_yaw"": 90, ""delta_pitch"": 0}"
217,1790497608.9333694,hardware_action,"{""timestamp"": 1790497608.9333694, ""type"": ""hardware_action"", ""name"": ""Gimbal move action"", ""state"": ""action_succeeded"", ""completed"": true, ""succeeded"": true, ""elapsed_sec"": 0.6001535059999696}"
218,1790497609.2835996,gimbal,"{""timestamp"": 1790497609.2835996, ""type"": ""gimbal"", ""phase"": ""move_completed"", ""target_yaw"": 0, ""target_pitch"": 0, ""actual_yaw"": -5.4, ""actual_pitch"": 5.5, ""ground_yaw"": -166.8, ""ground_pitch"": 0.0}"
219,1790497609.2836533,gimbal,"{""timestamp"": 1790497609.2836533, ""type"": ""gimbal"", ""phase"": ""move"", ""target_yaw"": 90, ""target_pitch"": 0, ""actual_yaw"": -5.4, ""actual_pitch"": 5.5, ""ground_yaw"": -166.8, ""ground_pitch"": 0.0, ""delta_yaw"": 90, ""delta_pitch"": 0}"
220,1790497609.8340979,hardware_action,"{""timestamp"": 1790497609.8340979, ""type"": ""hardware_action"", ""name"": ""Gimbal move action"", ""state"": ""action_succeeded"", ""completed"": true, ""succeeded"": true, ""elapsed_sec"": 0.5500417960001869}"
221,1790497610.1843264,gimbal,"{""timestamp"": 1790497610.1843264, ""type"": ""gimbal"", ""phase"": ""move_completed"", ""target_yaw"": 90, ""target_pitch"": 0, ""actual_yaw"": 81.1, ""actual_pitch"": -0.2, ""ground_yaw"": -81.1, ""ground_pitch"": 0.0}"
222,1790497610.610018,tof_sample,"{""timestamp"": 1790497610.610018, ""type"": ""tof_sample"", ""gimbal_yaw"": 90, ""range_m"": 0.185, ""accepted"": 5}"
223,1790497610.61007,gimbal,"{""timestamp"": 1790497610.61007, ""type"": ""gimbal"", ""phase"": ""move"", ""target_yaw"": 0, ""target_pitch"": 0, ""actual_yaw"": 81.1, ""actual_pitch"": -0.3, ""ground_yaw"": -81.1, ""ground_pitch"": 0.0, ""delta_yaw"": -90, ""delta_pitch"": 0}"
224,1790497611.133259,hardware_action,"{""timestamp"": 1790497611.133259, ""type"": ""hardware_action"", ""name"": ""Gimbal move action"", ""state"": ""action_succeeded"", ""completed"": true, ""succeeded"": true, ""elapsed_sec"": 0.5228589030002695}"
225,1790497611.483481,gimbal,"{""timestamp"": 1790497611.483481, ""type"": ""gimbal"", ""phase"": ""move_completed"", ""target_yaw"": 0, ""target_pitch"": 0, ""actual_yaw"": -5.1, ""actual_pitch"": 5.8, ""ground_yaw"": -166.7, ""ground_pitch"": 0.0}"
226,1790497611.8089192,tof_sample,"{""timestamp"": 1790497611.8089192, ""type"": ""tof_sample"", ""gimbal_yaw"": 0, ""range_m"": 3.76, ""accepted"": 5}"
227,1790497611.8091433,scan,"{""timestamp"": 1790497611.8091433, ""type"": ""scan"", ""cell"": [3, 1], ""pose"": [1.6970296297472247, 0.6537244448795034, 89.40999999999997], ""ranges_m"": {""1"": 3.699, ""0"": 0.175, ""3"": 0.92, ""2"": 0.185}, ""scan_headings"": {""1"": 1, ""0"": 1, ""3"": 1, ""2"": 1}}"
228,1790497611.9340088,hardware_action,"{""timestamp"": 1790497611.9340088, ""type"": ""hardware_action"", ""name"": ""Gimbal front position hold"", ""state"": ""action_succeeded"", ""completed"": true, ""succeeded"": true, ""elapsed_sec"": 0.1171993940001812}"
229,1790497611.9340308,gimbal,"{""timestamp"": 1790497611.9340308, ""type"": ""gimbal"", ""phase"": ""front_position_hold"", ""target_yaw"": 0, ""target_pitch"": 0, ""actual_yaw"": -4.5, ""actual_pitch"": 5.8, ""ground_yaw"": -165.8, ""ground_pitch"": 0.0}"
230,1790497612.2849276,gimbal,"{""timestamp"": 1790497612.2849276, ""type"": ""gimbal"", ""phase"": ""move_completed"", ""target_yaw"": 0, ""target_pitch"": 0, ""actual_yaw"": -4.3, ""actual_pitch"": 5.8, ""ground_yaw"": -165.8, ""ground_pitch"": 0.0}"
231,1790497612.5173588,tof_sample,"{""timestamp"": 1790497612.5173588, ""type"": ""tof_sample"", ""gimbal_yaw"": 0, ""range_m"": 3.687, ""accepted"": 5}"
232,1790497615.392688,chassis_wheel_stop,"{""timestamp"": 1790497615.392688, ""type"": ""chassis_wheel_stop"", ""acknowledged"": true}"
233,1790497615.6966615,chassis_stationary,"{""timestamp"": 1790497615.6966615, ""type"": ""chassis_stationary"", ""yaw"": 89.46000000000004, ""position_m"": [1.774944882800232, 1.3071531980687157]}"
234,1790497615.6966758,move,"{""timestamp"": 1790497615.6966758, ""type"": ""move"", ""from"": [3, 1], ""to"": [3, 2], ""direction"": 1, ""backtrack"": false, ""odometry_delta_m"": [-0.046019825553467175, 0.6195308682027301], ""yaw"": 89.46000000000004}"
235,1790497615.6967099,odometry_mismatch,"{""timestamp"": 1790497615.6967099, ""type"": ""odometry_mismatch"", ""cell"": [3, 2], ""predicted_position_m"": [1.6510098041937575, 1.2732553130822335], ""expected_position_m"": [1.7999999999999998, 1.2], ""error_m"": 0.16602535752456152}"
236,1790497615.6967685,scan_mode,"{""timestamp"": 1790497615.6967685, ""type"": ""scan_mode"", ""mode"": ""gimbal""}"
237,1790497615.6967936,gimbal,"{""timestamp"": 1790497615.6967936, ""type"": ""gimbal"", ""phase"": ""reference_reused"", ""target_yaw"": 0, ""target_pitch"": 0, ""actual_yaw"": -4.6, ""actual_pitch"": 5.9, ""ground_yaw"": -166.0, ""ground_pitch"": 0.0}"
238,1790497616.0469882,gimbal,"{""timestamp"": 1790497616.0469882, ""type"": ""gimbal"", ""phase"": ""move_completed"", ""target_yaw"": 0, ""target_pitch"": 0, ""actual_yaw"": -4.6, ""actual_pitch"": 5.9, ""ground_yaw"": -166.0, ""ground_pitch"": 0.0}"
239,1790497616.321345,tof_sample,"{""timestamp"": 1790497616.321345, ""type"": ""tof_sample"", ""gimbal_yaw"": 0, ""range_m"": 2.628, ""accepted"": 5}"
240,1790497616.3213956,gimbal,"{""timestamp"": 1790497616.3213956, ""type"": ""gimbal"", ""phase"": ""move"", ""target_yaw"": -90, ""target_pitch"": 0, ""actual_yaw"": -4.6, ""actual_pitch"": 5.9, ""ground_yaw"": -166.0, ""ground_pitch"": 0.0, ""delta_yaw"": -90, ""delta_pitch"": 0}"
241,1790497616.9330869,hardware_action,"{""timestamp"": 1790497616.9330869, ""type"": ""hardware_action"", ""name"": ""Gimbal move action"", ""state"": ""action_succeeded"", ""completed"": true, ""succeeded"": true, ""elapsed_sec"": 0.6113360340000327}"
242,1790497617.283281,gimbal,"{""timestamp"": 1790497617.283281, ""type"": ""gimbal"", ""phase"": ""move_completed"", ""target_yaw"": -90, ""target_pitch"": 0, ""actual_yaw"": -91.7, ""actual_pitch"": 0.0, ""ground_yaw"": 107.8, ""ground_pitch"": 0.0}"
243,1790497617.5790908,tof_sample,"{""timestamp"": 1790497617.5790908, ""type"": ""tof_sample"", ""gimbal_yaw"": -90, ""range_m"": 0.987, ""accepted"": 5}"
244,1790497617.5791576,gimbal,"{""timestamp"": 1790497617.5791576, ""type"": ""gimbal"", ""phase"": ""move"", ""target_yaw"": -180, ""target_pitch"": 0, ""actual_yaw"": -91.7, ""actual_pitch"": 0.0, ""ground_yaw"": 107.7, ""ground_pitch"": 0.0, ""delta_yaw"": -90, ""delta_pitch"": 0}"
245,1790497618.132745,hardware_action,"{""timestamp"": 1790497618.132745, ""type"": ""hardware_action"", ""name"": ""Gimbal move action"", ""state"": ""action_succeeded"", ""completed"": true, ""succeeded"": true, ""elapsed_sec"": 0.5531185020004159}"
246,1790497618.4831707,gimbal,"{""timestamp"": 1790497618.4831707, ""type"": ""gimbal"", ""phase"": ""move_completed"", ""target_yaw"": -180, ""target_pitch"": 0, ""actual_yaw"": -178.0, ""actual_pitch"": -8.2, ""ground_yaw"": 22.0, ""ground_pitch"": 0.0}"
247,1790497618.8293962,tof_sample,"{""timestamp"": 1790497618.8293962, ""type"": ""tof_sample"", ""gimbal_yaw"": -180, ""range_m"": 1.574, ""accepted"": 5}"
248,1790497618.829476,gimbal,"{""timestamp"": 1790497618.829476, ""type"": ""gimbal"", ""phase"": ""move"", ""target_yaw"": 0, ""target_pitch"": 0, ""actual_yaw"": -178.0, ""actual_pitch"": -8.2, ""ground_yaw"": 22.0, ""ground_pitch"": 0.0, ""delta_yaw"": 90, ""delta_pitch"": 0}"
249,1790497619.4338982,hardware_action,"{""timestamp"": 1790497619.4338982, ""type"": ""hardware_action"", ""name"": ""Gimbal move action"", ""state"": ""action_succeeded"", ""completed"": true, ""succeeded"": true, ""elapsed_sec"": 0.6039177810002911}"
250,1790497619.4340029,gimbal,"{""timestamp"": 1790497619.4340029, ""type"": ""gimbal"", ""phase"": ""move"", ""target_yaw"": 0, ""target_pitch"": 0, ""actual_yaw"": -88.2, ""actual_pitch"": 0.1, ""ground_yaw"": 110.1, ""ground_pitch"": 0.1, ""delta_yaw"": 90, ""delta_pitch"": 0}"
251,1790497620.0323849,hardware_action,"{""timestamp"": 1790497620.0323849, ""type"": ""hardware_action"", ""name"": ""Gimbal move action"", ""state"": ""action_succeeded"", ""completed"": true, ""succeeded"": true, ""elapsed_sec"": 0.5979723360001117}"
252,1790497620.3826466,gimbal,"{""timestamp"": 1790497620.3826466, ""type"": ""gimbal"", ""phase"": ""move_completed"", ""target_yaw"": 0, ""target_pitch"": 0, ""actual_yaw"": -5.8, ""actual_pitch"": 5.6, ""ground_yaw"": -166.6, ""ground_pitch"": 0.0}"
253,1790497620.3827128,gimbal,"{""timestamp"": 1790497620.3827128, ""type"": ""gimbal"", ""phase"": ""move"", ""target_yaw"": 90, ""target_pitch"": 0, ""actual_yaw"": -5.8, ""actual_pitch"": 5.6, ""ground_yaw"": -166.6, ""ground_pitch"": 0.0, ""delta_yaw"": 90, ""delta_pitch"": 0}"
254,1790497620.9334056,hardware_action,"{""timestamp"": 1790497620.9334056, ""type"": ""hardware_action"", ""name"": ""Gimbal move action"", ""state"": ""action_succeeded"", ""completed"": true, ""succeeded"": true, ""elapsed_sec"": 0.5501312460000918}"
255,1790497621.2836235,gimbal,"{""timestamp"": 1790497621.2836235, ""type"": ""gimbal"", ""phase"": ""move_completed"", ""target_yaw"": 90, ""target_pitch"": 0, ""actual_yaw"": 80.8, ""actual_pitch"": -0.5, ""ground_yaw"": -80.8, ""ground_pitch"": 0.0}"
256,1790497621.5383842,tof_sample,"{""timestamp"": 1790497621.5383842, ""type"": ""tof_sample"", ""gimbal_yaw"": 90, ""range_m"": 0.771, ""accepted"": 5}"
257,1790497621.5384443,gimbal,"{""timestamp"": 1790497621.5384443, ""type"": ""gimbal"", ""phase"": ""move"", ""target_yaw"": 0, ""target_pitch"": 0, ""actual_yaw"": 80.8, ""actual_pitch"": -0.5, ""ground_yaw"": -80.8, ""ground_pitch"": 0.0, ""delta_yaw"": -90, ""delta_pitch"": 0}"
258,1790497622.1333144,hardware_action,"{""timestamp"": 1790497622.1333144, ""type"": ""hardware_action"", ""name"": ""Gimbal move action"", ""state"": ""action_succeeded"", ""completed"": true, ""succeeded"": true, ""elapsed_sec"": 0.5944353569998384}"
259,1790497622.4835489,gimbal,"{""timestamp"": 1790497622.4835489, ""type"": ""gimbal"", ""phase"": ""move_completed"", ""target_yaw"": 0, ""target_pitch"": 0, ""actual_yaw"": -5.5, ""actual_pitch"": 5.7, ""ground_yaw"": -166.7, ""ground_pitch"": 0.0}"
260,1790497622.7381713,tof_sample,"{""timestamp"": 1790497622.7381713, ""type"": ""tof_sample"", ""gimbal_yaw"": 0, ""range_m"": 2.797, ""accepted"": 5}"
261,1790497622.7384229,scan,"{""timestamp"": 1790497622.7384229, ""type"": ""scan"", ""cell"": [3, 2], ""pose"": [1.6510098041937575, 1.304942615010143, 89.13999999999999], ""ranges_m"": {""1"": 2.628, ""0"": 0.987, ""3"": 1.574, ""2"": 0.771}, ""scan_headings"": {""1"": 1, ""0"": 1, ""3"": 1, ""2"": 1}}"
262,1790497622.8335812,hardware_action,"{""timestamp"": 1790497622.8335812, ""type"": ""hardware_action"", ""name"": ""Gimbal front position hold"", ""state"": ""action_succeeded"", ""completed"": true, ""succeeded"": true, ""elapsed_sec"": 0.08781278500009648}"
263,1790497622.8336008,gimbal,"{""timestamp"": 1790497622.8336008, ""type"": ""gimbal"", ""phase"": ""front_position_hold"", ""target_yaw"": 0, ""target_pitch"": 0, ""actual_yaw"": -5.5, ""actual_pitch"": 5.7, ""ground_yaw"": -166.7, ""ground_pitch"": 0.0}"
264,1790497625.4254103,gimbal,"{""timestamp"": 1790497625.4254103, ""type"": ""gimbal"", ""phase"": ""move_completed"", ""target_yaw"": 0, ""target_pitch"": 0, ""actual_yaw"": -4.5, ""actual_pitch"": 0.2, ""ground_yaw"": 104.2, ""ground_pitch"": 0.0}"
265,1790497625.698891,tof_sample,"{""timestamp"": 1790497625.698891, ""type"": ""tof_sample"", ""gimbal_yaw"": 0, ""range_m"": 0.98, ""accepted"": 5}"
266,1790497628.5339806,chassis_wheel_stop,"{""timestamp"": 1790497628.5339806, ""type"": ""chassis_wheel_stop"", ""acknowledged"": true}"
267,1790497628.838202,chassis_stationary,"{""timestamp"": 1790497628.838202, ""type"": ""chassis_stationary"", ""yaw"": -0.4200000000000159, ""position_m"": [2.398907399294787, 1.2636438334470363]}"
268,1790497628.8382113,move,"{""timestamp"": 1790497628.8382113, ""type"": ""move"", ""from"": [3, 2], ""to"": [4, 2], ""direction"": 0, ""backtrack"": false, ""odometry_delta_m"": [0.6212325462959014, -0.043729052387525336], ""yaw"": -0.4200000000000159}"
269,1790497628.8382976,scan_mode,"{""timestamp"": 1790497628.8382976, ""type"": ""scan_mode"", ""mode"": ""gimbal""}"
270,1790497628.8383193,gimbal,"{""timestamp"": 1790497628.8383193, ""type"": ""gimbal"", ""phase"": ""reference_reused"", ""target_yaw"": 0, ""target_pitch"": 0, ""actual_yaw"": -4.5, ""actual_pitch"": -0.2, ""ground_yaw"": 103.3, ""ground_pitch"": 0.0}"
271,1790497629.1885202,gimbal,"{""timestamp"": 1790497629.1885202, ""type"": ""gimbal"", ""phase"": ""move_completed"", ""target_yaw"": 0, ""target_pitch"": 0, ""actual_yaw"": -4.5, ""actual_pitch"": -0.4, ""ground_yaw"": 103.3, ""ground_pitch"": 0.0}"
272,1790497629.5042813,tof_sample,"{""timestamp"": 1790497629.5042813, ""type"": ""tof_sample"", ""gimbal_yaw"": 0, ""range_m"": 0.245, ""accepted"": 5}"
273,1790497629.5043175,gimbal,"{""timestamp"": 1790497629.5043175, ""type"": ""gimbal"", ""phase"": ""move"", ""target_yaw"": -90, ""target_pitch"": 0, ""actual_yaw"": -4.5, ""actual_pitch"": -0.4, ""ground_yaw"": 103.3, ""ground_pitch"": 0.0, ""delta_yaw"": -90, ""delta_pitch"": 0}"
274,1790497630.0335681,hardware_action,"{""timestamp"": 1790497630.0335681, ""type"": ""hardware_action"", ""name"": ""Gimbal move action"", ""state"": ""action_succeeded"", ""completed"": true, ""succeeded"": true, ""elapsed_sec"": 0.5289635250001083}"
275,1790497630.383807,gimbal,"{""timestamp"": 1790497630.383807, ""type"": ""gimbal"", ""phase"": ""move_completed"", ""target_yaw"": -90, ""target_pitch"": 0, ""actual_yaw"": -91.5, ""actual_pitch"": -7.1, ""ground_yaw"": 17.4, ""ground_pitch"": 0.0}"
276,1790497630.658766,tof_sample,"{""timestamp"": 1790497630.658766, ""type"": ""tof_sample"", ""gimbal_yaw"": -90, ""range_m"": 0.879, ""accepted"": 5}"
277,1790497630.6588402,gimbal,"{""timestamp"": 1790497630.6588402, ""type"": ""gimbal"", ""phase"": ""move"", ""target_yaw"": -180, ""target_pitch"": 0, ""actual_yaw"": -91.4, ""actual_pitch"": -7.1, ""ground_yaw"": 17.4, ""ground_pitch"": 0.0, ""delta_yaw"": -90, ""delta_pitch"": 0}"
278,1790497631.23276,hardware_action,"{""timestamp"": 1790497631.23276, ""type"": ""hardware_action"", ""name"": ""Gimbal move action"", ""state"": ""action_succeeded"", ""completed"": true, ""succeeded"": true, ""elapsed_sec"": 0.5734770359999857}"
279,1790497631.5829813,gimbal,"{""timestamp"": 1790497631.5829813, ""type"": ""gimbal"", ""phase"": ""move_completed"", ""target_yaw"": -180, ""target_pitch"": 0, ""actual_yaw"": -178.0, ""actual_pitch"": -1.8, ""ground_yaw"": -68.3, ""ground_pitch"": 0.0}"
280,1790497631.8079865,tof_sample,"{""timestamp"": 1790497631.8079865, ""type"": ""tof_sample"", ""gimbal_yaw"": -180, ""range_m"": 1.434, ""accepted"": 5}"
281,1790497631.8080478,gimbal,"{""timestamp"": 1790497631.8080478, ""type"": ""gimbal"", ""phase"": ""move"", ""target_yaw"": 0, ""target_pitch"": 0, ""actual_yaw"": -178.0, ""actual_pitch"": -1.9, ""ground_yaw"": -68.3, ""ground_pitch"": 0.0, ""delta_yaw"": 90, ""delta_pitch"": 0}"
282,1790497632.335084,hardware_action,"{""timestamp"": 1790497632.335084, ""type"": ""hardware_action"", ""name"": ""Gimbal move action"", ""state"": ""action_succeeded"", ""completed"": true, ""succeeded"": true, ""elapsed_sec"": 0.5266094640001029}"
283,1790497632.3351939,gimbal,"{""timestamp"": 1790497632.3351939, ""type"": ""gimbal"", ""phase"": ""move"", ""target_yaw"": 0, ""target_pitch"": 0, ""actual_yaw"": -106.4, ""actual_pitch"": -7.4, ""ground_yaw"": 2.6, ""ground_pitch"": 0.0, ""delta_yaw"": 90, ""delta_pitch"": 0}"
284,1790497632.9332685,hardware_action,"{""timestamp"": 1790497632.9332685, ""type"": ""hardware_action"", ""name"": ""Gimbal move action"", ""state"": ""action_succeeded"", ""completed"": true, ""succeeded"": true, ""elapsed_sec"": 0.5976641390002442}"
285,1790497633.2835271,gimbal,"{""timestamp"": 1790497633.2835271, ""type"": ""gimbal"", ""phase"": ""move_completed"", ""target_yaw"": 0, ""target_pitch"": 0, ""actual_yaw"": -6.8, ""actual_pitch"": -0.5, ""ground_yaw"": 101.9, ""ground_pitch"": 0.0}"
286,1790497633.283611,gimbal,"{""timestamp"": 1790497633.283611, ""type"": ""gimbal"", ""phase"": ""move"", ""target_yaw"": 90, ""target_pitch"": 0, ""actual_yaw"": -6.8, ""actual_pitch"": -0.5, ""ground_yaw"": 101.9, ""ground_pitch"": 0.0, ""delta_yaw"": 90, ""delta_pitch"": 0}"
287,1790497633.8344553,hardware_action,"{""timestamp"": 1790497633.8344553, ""type"": ""hardware_action"", ""name"": ""Gimbal move action"", ""state"": ""action_succeeded"", ""completed"": true, ""succeeded"": true, ""elapsed_sec"": 0.5503198500000508}"
288,1790497634.184712,gimbal,"{""timestamp"": 1790497634.184712, ""type"": ""gimbal"", ""phase"": ""move_completed"", ""target_yaw"": 90, ""target_pitch"": 0, ""actual_yaw"": 78.7, ""actual_pitch"": 4.5, ""ground_yaw"": -172.4, ""ground_pitch"": 0.0}"
289,1790497634.623281,tof_sample,"{""timestamp"": 1790497634.623281, ""type"": ""tof_sample"", ""gimbal_yaw"": 90, ""range_m"": 2.891, ""accepted"": 5}"
290,1790497634.623328,gimbal,"{""timestamp"": 1790497634.623328, ""type"": ""gimbal"", ""phase"": ""move"", ""target_yaw"": 0, ""target_pitch"": 0, ""actual_yaw"": 78.7, ""actual_pitch"": 4.5, ""ground_yaw"": -172.4, ""ground_pitch"": 0.0, ""delta_yaw"": -90, ""delta_pitch"": 0}"
291,1790497635.2354813,hardware_action,"{""timestamp"": 1790497635.2354813, ""type"": ""hardware_action"", ""name"": ""Gimbal move action"", ""state"": ""action_succeeded"", ""completed"": true, ""succeeded"": true, ""elapsed_sec"": 0.611818969000069}"
292,1790497635.5857837,gimbal,"{""timestamp"": 1790497635.5857837, ""type"": ""gimbal"", ""phase"": ""move_completed"", ""target_yaw"": 0, ""target_pitch"": 0, ""actual_yaw"": -7.4, ""actual_pitch"": -0.4, ""ground_yaw"": 101.8, ""ground_pitch"": 0.0}"
293,1790497635.8706279,tof_sample,"{""timestamp"": 1790497635.8706279, ""type"": ""tof_sample"", ""gimbal_yaw"": 0, ""range_m"": 0.247, ""accepted"": 5}"
294,1790497635.870862,scan,"{""timestamp"": 1790497635.870862, ""type"": ""scan"", ""cell"": [4, 2], ""pose"": [2.272242350489659, 1.2612135626226177, -0.4399999999999977], ""ranges_m"": {""0"": 0.245, ""3"": 0.879, ""2"": 1.434, ""1"": 2.891}, ""scan_headings"": {""0"": 0, ""3"": 0, ""2"": 0, ""1"": 0}}"
295,1790497636.03773,hardware_action,"{""timestamp"": 1790497636.03773, ""type"": ""hardware_action"", ""name"": ""Gimbal front position hold"", ""state"": ""action_succeeded"", ""completed"": true, ""succeeded"": true, ""elapsed_sec"": 0.1581536240000787}"
296,1790497636.0377548,gimbal,"{""timestamp"": 1790497636.0377548, ""type"": ""gimbal"", ""phase"": ""front_position_hold"", ""target_yaw"": 0, ""target_pitch"": 0, ""actual_yaw"": -1.5, ""actual_pitch"": -0.2, ""ground_yaw"": 107.7, ""ground_pitch"": -0.3}"
297,1790497640.0243473,gimbal,"{""timestamp"": 1790497640.0243473, ""type"": ""gimbal"", ""phase"": ""move_completed"", ""target_yaw"": 0, ""target_pitch"": 0, ""actual_yaw"": -5.4, ""actual_pitch"": 4.8, ""ground_yaw"": -165.1, ""ground_pitch"": 0.0}"
298,1790497640.390176,tof_sample,"{""timestamp"": 1790497640.390176, ""type"": ""tof_sample"", ""gimbal_yaw"": 0, ""range_m"": 2.952, ""accepted"": 5}"
299,1790497643.7739985,chassis_wheel_stop,"{""timestamp"": 1790497643.7739985, ""type"": ""chassis_wheel_stop"", ""acknowledged"": true}"
300,1790497644.0781705,chassis_stationary,"{""timestamp"": 1790497644.0781705, ""type"": ""chassis_stationary"", ""yaw"": 89.25999999999999, ""position_m"": [2.449400955391819, 1.871510621643822]}"
301,1790497644.0781798,move,"{""timestamp"": 1790497644.0781798, ""type"": ""move"", ""from"": [4, 2], ""to"": [4, 3], ""direction"": 1, ""backtrack"": false, ""odometry_delta_m"": [0.062386784224801595, 0.6053197262225045], ""yaw"": 89.25999999999999}"
302,1790497644.0782604,scan_mode,"{""timestamp"": 1790497644.0782604, ""type"": ""scan_mode"", ""mode"": ""gimbal""}"
303,1790497644.0782816,gimbal,"{""timestamp"": 1790497644.0782816, ""type"": ""gimbal"", ""phase"": ""reference_reused"", ""target_yaw"": 0, ""target_pitch"": 0, ""actual_yaw"": -5.0, ""actual_pitch"": 5.2, ""ground_yaw"": -164.5, ""ground_pitch"": 0.0}"
304,1790497644.4284565,gimbal,"{""timestamp"": 1790497644.4284565, ""type"": ""gimbal"", ""phase"": ""move_completed"", ""target_yaw"": 0, ""target_pitch"": 0, ""actual_yaw"": -5.0, ""actual_pitch"": 5.3, ""ground_yaw"": -164.5, ""ground_pitch"": 0.0}"
305,1790497644.694602,tof_sample,"{""timestamp"": 1790497644.694602, ""type"": ""tof_sample"", ""gimbal_yaw"": 0, ""range_m"": 0.19, ""accepted"": 5}"
306,1790497644.6946733,gimbal,"{""timestamp"": 1790497644.6946733, ""type"": ""gimbal"", ""phase"": ""move"", ""target_yaw"": -90, ""target_pitch"": 0, ""actual_yaw"": -5.0, ""actual_pitch"": 5.3, ""ground_yaw"": -164.5, ""ground_pitch"": 0.0, ""delta_yaw"": -90, ""delta_pitch"": 0}"
307,1790497645.2333438,hardware_action,"{""timestamp"": 1790497645.2333438, ""type"": ""hardware_action"", ""name"": ""Gimbal move action"", ""state"": ""action_succeeded"", ""completed"": true, ""succeeded"": true, ""elapsed_sec"": 0.537819663999926}"
308,1790497645.583621,gimbal,"{""timestamp"": 1790497645.583621, ""type"": ""gimbal"", ""phase"": ""move_completed"", ""target_yaw"": -90, ""target_pitch"": 0, ""actual_yaw"": -92.4, ""actual_pitch"": 0.0, ""ground_yaw"": 109.3, ""ground_pitch"": 0.0}"
309,1790497645.9508445,tof_sample,"{""timestamp"": 1790497645.9508445, ""type"": ""tof_sample"", ""gimbal_yaw"": -90, ""range_m"": 0.203, ""accepted"": 5}"
310,1790497645.9509356,gimbal,"{""timestamp"": 1790497645.9509356, ""type"": ""gimbal"", ""phase"": ""move"", ""target_yaw"": -180, ""target_pitch"": 0, ""actual_yaw"": -92.3, ""actual_pitch"": 0.0, ""ground_yaw"": 109.3, ""ground_pitch"": 0.0, ""delta_yaw"": -90, ""delta_pitch"": 0}"
311,1790497646.5345144,hardware_action,"{""timestamp"": 1790497646.5345144, ""type"": ""hardware_action"", ""name"": ""Gimbal move action"", ""state"": ""action_succeeded"", ""completed"": true, ""succeeded"": true, ""elapsed_sec"": 0.5829512450000038}"
312,1790497646.8847082,gimbal,"{""timestamp"": 1790497646.8847082, ""type"": ""gimbal"", ""phase"": ""move_completed"", ""target_yaw"": -180, ""target_pitch"": 0, ""actual_yaw"": -178.5, ""actual_pitch"": -7.7, ""ground_yaw"": 23.5, ""ground_pitch"": 0.0}"
313,1790497647.1594048,tof_sample,"{""timestamp"": 1790497647.1594048, ""type"": ""tof_sample"", ""gimbal_yaw"": -180, ""range_m"": 1.517, ""accepted"": 5}"
314,1790497647.159488,gimbal,"{""timestamp"": 1790497647.159488, ""type"": ""gimbal"", ""phase"": ""move"", ""target_yaw"": 0, ""target_pitch"": 0, ""actual_yaw"": -178.5, ""actual_pitch"": -7.7, ""ground_yaw"": 23.5, ""ground_pitch"": 0.0, ""delta_yaw"": 90, ""delta_pitch"": 0}"
315,1790497647.734233,hardware_action,"{""timestamp"": 1790497647.734233, ""type"": ""hardware_action"", ""name"": ""Gimbal move action"", ""state"": ""action_succeeded"", ""completed"": true, ""succeeded"": true, ""elapsed_sec"": 0.5742297169999802}"
316,1790497647.7343385,gimbal,"{""timestamp"": 1790497647.7343385, ""type"": ""gimbal"", ""phase"": ""move"", ""target_yaw"": 0, ""target_pitch"": 0, ""actual_yaw"": -100.4, ""actual_pitch"": -0.4, ""ground_yaw"": 103.1, ""ground_pitch"": 0.3, ""delta_yaw"": 90, ""delta_pitch"": 0}"
317,1790497648.3346756,hardware_action,"{""timestamp"": 1790497648.3346756, ""type"": ""hardware_action"", ""name"": ""Gimbal move action"", ""state"": ""action_succeeded"", ""completed"": true, ""succeeded"": true, ""elapsed_sec"": 0.599949184000252}"
318,1790497648.6849926,gimbal,"{""timestamp"": 1790497648.6849926, ""type"": ""gimbal"", ""phase"": ""move_completed"", ""target_yaw"": 0, ""target_pitch"": 0, ""actual_yaw"": -7.3, ""actual_pitch"": 5.2, ""ground_yaw"": -166.0, ""ground_pitch"": 0.0}"
319,1790497648.6850612,gimbal,"{""timestamp"": 1790497648.6850612, ""type"": ""gimbal"", ""phase"": ""move"", ""target_yaw"": 90, ""target_pitch"": 0, ""actual_yaw"": -7.3, ""actual_pitch"": 5.2, ""ground_yaw"": -166.0, ""ground_pitch"": 0.0, ""delta_yaw"": 90, ""delta_pitch"": 0}"
320,1790497649.2341738,hardware_action,"{""timestamp"": 1790497649.2341738, ""type"": ""hardware_action"", ""name"": ""Gimbal move action"", ""state"": ""action_succeeded"", ""completed"": true, ""succeeded"": true, ""elapsed_sec"": 0.5486682830000973}"
321,1790497649.5844517,gimbal,"{""timestamp"": 1790497649.5844517, ""type"": ""gimbal"", ""phase"": ""move_completed"", ""target_yaw"": 90, ""target_pitch"": 0, ""actual_yaw"": 79.1, ""actual_pitch"": -0.2, ""ground_yaw"": -80.3, ""ground_pitch"": 0.0}"
322,1790497649.8591654,tof_sample,"{""timestamp"": 1790497649.8591654, ""type"": ""tof_sample"", ""gimbal_yaw"": 90, ""range_m"": 0.226, ""accepted"": 5}"
323,1790497649.8592317,gimbal,"{""timestamp"": 1790497649.8592317, ""type"": ""gimbal"", ""phase"": ""move"", ""target_yaw"": 0, ""target_pitch"": 0, ""actual_yaw"": 79.1, ""actual_pitch"": -0.2, ""ground_yaw"": -80.3, ""ground_pitch"": 0.0, ""delta_yaw"": -90, ""delta_pitch"": 0}"
324,1790497650.433868,hardware_action,"{""timestamp"": 1790497650.433868, ""type"": ""hardware_action"", ""name"": ""Gimbal move action"", ""state"": ""action_succeeded"", ""completed"": true, ""succeeded"": true, ""elapsed_sec"": 0.5741746620001322}"
325,1790497650.7840903,gimbal,"{""timestamp"": 1790497650.7840903, ""type"": ""gimbal"", ""phase"": ""move_completed"", ""target_yaw"": 0, ""target_pitch"": 0, ""actual_yaw"": -6.9, ""actual_pitch"": 5.4, ""ground_yaw"": -165.9, ""ground_pitch"": 0.0}"
326,1790497651.111113,tof_sample,"{""timestamp"": 1790497651.111113, ""type"": ""tof_sample"", ""gimbal_yaw"": 0, ""range_m"": 0.198, ""accepted"": 5}"
327,1790497651.111376,scan,"{""timestamp"": 1790497651.111376, ""type"": ""scan"", ""cell"": [4, 3], ""pose"": [2.3346291347144605, 1.8557243209342955, 89.19999999999999], ""ranges_m"": {""1"": 0.19, ""0"": 0.203, ""3"": 1.517, ""2"": 0.226}, ""scan_headings"": {""1"": 1, ""0"": 1, ""3"": 1, ""2"": 1}}"
328,1790497651.2346997,hardware_action,"{""timestamp"": 1790497651.2346997, ""type"": ""hardware_action"", ""name"": ""Gimbal front position hold"", ""state"": ""action_succeeded"", ""completed"": true, ""succeeded"": true, ""elapsed_sec"": 0.1129939740003465}"
329,1790497651.234728,gimbal,"{""timestamp"": 1790497651.234728, ""type"": ""gimbal"", ""phase"": ""front_position_hold"", ""target_yaw"": 0, ""target_pitch"": 0, ""actual_yaw"": -6.4, ""actual_pitch"": 5.4, ""ground_yaw"": -165.1, ""ground_pitch"": 0.0}"
330,1790497655.7863255,gimbal,"{""timestamp"": 1790497655.7863255, ""type"": ""gimbal"", ""phase"": ""move_completed"", ""target_yaw"": 0, ""target_pitch"": 0, ""actual_yaw"": -5.1, ""actual_pitch"": -7.0, ""ground_yaw"": 15.0, ""ground_pitch"": 0.0}"
331,1790497656.0801933,tof_sample,"{""timestamp"": 1790497656.0801933, ""type"": ""tof_sample"", ""gimbal_yaw"": 0, ""range_m"": 1.526, ""accepted"": 5}"
332,1790497659.3157108,chassis_wheel_stop,"{""timestamp"": 1790497659.3157108, ""type"": ""chassis_wheel_stop"", ""acknowledged"": true}"
333,1790497659.620235,chassis_stationary,"{""timestamp"": 1790497659.620235, ""type"": ""chassis_stationary"", ""yaw"": -90.33, ""position_m"": [2.4292009837092854, 1.2556284455386642]}"
334,1790497659.6202447,move,"{""timestamp"": 1790497659.6202447, ""type"": ""move"", ""from"": [4, 3], ""to"": [4, 2], ""direction"": 3, ""backtrack"": true, ""odometry_delta_m"": [-0.018331292600801685, -0.6177891471299766], ""yaw"": -90.33}"
335,1790497659.6203365,scan_mode,"{""timestamp"": 1790497659.6203365, ""type"": ""scan_mode"", ""mode"": ""gimbal""}"
336,1790497659.6203587,gimbal,"{""timestamp"": 1790497659.6203587, ""type"": ""gimbal"", ""phase"": ""reference_reused"", ""target_yaw"": 0, ""target_pitch"": 0, ""actual_yaw"": -5.2, ""actual_pitch"": -6.6, ""ground_yaw"": 14.3, ""ground_pitch"": 0.0}"
337,1790497659.9705286,gimbal,"{""timestamp"": 1790497659.9705286, ""type"": ""gimbal"", ""phase"": ""move_completed"", ""target_yaw"": 0, ""target_pitch"": 0, ""actual_yaw"": -5.2, ""actual_pitch"": -6.6, ""ground_yaw"": 14.3, ""ground_pitch"": 0.0}"
338,1790497660.2968526,tof_sample,"{""timestamp"": 1790497660.2968526, ""type"": ""tof_sample"", ""gimbal_yaw"": 0, ""range_m"": 0.873, ""accepted"": 5}"
339,1790497660.2970593,gimbal,"{""timestamp"": 1790497660.2970593, ""type"": ""gimbal"", ""phase"": ""move"", ""target_yaw"": -90, ""target_pitch"": 0, ""actual_yaw"": -5.2, ""actual_pitch"": -6.6, ""ground_yaw"": 14.3, ""ground_pitch"": 0.0, ""delta_yaw"": -90, ""delta_pitch"": 0}"
340,1790497660.8345299,hardware_action,"{""timestamp"": 1790497660.8345299, ""type"": ""hardware_action"", ""name"": ""Gimbal move action"", ""state"": ""action_succeeded"", ""completed"": true, ""succeeded"": true, ""elapsed_sec"": 0.5370942370000193}"
341,1790497661.184773,gimbal,"{""timestamp"": 1790497661.184773, ""type"": ""gimbal"", ""phase"": ""move_completed"", ""target_yaw"": -90, ""target_pitch"": 0, ""actual_yaw"": -92.7, ""actual_pitch"": -0.7, ""ground_yaw"": -71.9, ""ground_pitch"": 0.0}"
342,1790497661.4393682,tof_sample,"{""timestamp"": 1790497661.4393682, ""type"": ""tof_sample"", ""gimbal_yaw"": -90, ""range_m"": 1.461, ""accepted"": 5}"
343,1790497661.4394305,gimbal,"{""timestamp"": 1790497661.4394305, ""type"": ""gimbal"", ""phase"": ""move"", ""target_yaw"": -180, ""target_pitch"": 0, ""actual_yaw"": -92.7, ""actual_pitch"": -0.8, ""ground_yaw"": -71.9, ""ground_pitch"": 0.0, ""delta_yaw"": -90, ""delta_pitch"": 0}"
344,1790497662.0345557,hardware_action,"{""timestamp"": 1790497662.0345557, ""type"": ""hardware_action"", ""name"": ""Gimbal move action"", ""state"": ""action_succeeded"", ""completed"": true, ""succeeded"": true, ""elapsed_sec"": 0.5946819559999312}"
345,1790497662.3848763,gimbal,"{""timestamp"": 1790497662.3848763, ""type"": ""gimbal"", ""phase"": ""move_completed"", ""target_yaw"": -180, ""target_pitch"": 0, ""actual_yaw"": -178.9, ""actual_pitch"": 4.6, ""ground_yaw"": -157.6, ""ground_pitch"": 0.0}"
346,1790497662.84351,tof_sample,"{""timestamp"": 1790497662.84351, ""type"": ""tof_sample"", ""gimbal_yaw"": -180, ""range_m"": 2.986, ""accepted"": 5}"
347,1790497662.8435664,gimbal,"{""timestamp"": 1790497662.8435664, ""type"": ""gimbal"", ""phase"": ""move"", ""target_yaw"": 0, ""target_pitch"": 0, ""actual_yaw"": -178.9, ""actual_pitch"": 4.6, ""ground_yaw"": -157.6, ""ground_pitch"": 0.0, ""delta_yaw"": 90, ""delta_pitch"": 0}"
348,1790497663.4342818,hardware_action,"{""timestamp"": 1790497663.4342818, ""type"": ""hardware_action"", ""name"": ""Gimbal move action"", ""state"": ""action_succeeded"", ""completed"": true, ""succeeded"": true, ""elapsed_sec"": 0.5903174950003631}"
349,1790497663.4343743,gimbal,"{""timestamp"": 1790497663.4343743, ""type"": ""gimbal"", ""phase"": ""move"", ""target_yaw"": 0, ""target_pitch"": 0, ""actual_yaw"": -97.2, ""actual_pitch"": -0.8, ""ground_yaw"": -74.8, ""ground_pitch"": -0.2, ""delta_yaw"": 90, ""delta_pitch"": 0}"
350,1790497664.0343833,hardware_action,"{""timestamp"": 1790497664.0343833, ""type"": ""hardware_action"", ""name"": ""Gimbal move action"", ""state"": ""action_succeeded"", ""completed"": true, ""succeeded"": true, ""elapsed_sec"": 0.5992195479998372}"
351,1790497664.3846147,gimbal,"{""timestamp"": 1790497664.3846147, ""type"": ""gimbal"", ""phase"": ""move_completed"", ""target_yaw"": 0, ""target_pitch"": 0, ""actual_yaw"": -7.6, ""actual_pitch"": -6.9, ""ground_yaw"": 12.9, ""ground_pitch"": 0.0}"
352,1790497664.3846776,gimbal,"{""timestamp"": 1790497664.3846776, ""type"": ""gimbal"", ""phase"": ""move"", ""target_yaw"": 90, ""target_pitch"": 0, ""actual_yaw"": -7.6, ""actual_pitch"": -6.9, ""ground_yaw"": 12.9, ""ground_pitch"": 0.0, ""delta_yaw"": 90, ""delta_pitch"": 0}"
353,1790497664.9351377,hardware_action,"{""timestamp"": 1790497664.9351377, ""type"": ""hardware_action"", ""name"": ""Gimbal move action"", ""state"": ""action_succeeded"", ""completed"": true, ""succeeded"": true, ""elapsed_sec"": 0.5500441729996055}"
354,1790497665.2853796,gimbal,"{""timestamp"": 1790497665.2853796, ""type"": ""gimbal"", ""phase"": ""move_completed"", ""target_yaw"": 90, ""target_pitch"": 0, ""actual_yaw"": 77.9, ""actual_pitch"": -1.5, ""ground_yaw"": 98.6, ""ground_pitch"": 0.0}"
355,1790497665.550279,tof_sample,"{""timestamp"": 1790497665.550279, ""type"": ""tof_sample"", ""gimbal_yaw"": 90, ""range_m"": 0.213, ""accepted"": 5}"
356,1790497665.550355,gimbal,"{""timestamp"": 1790497665.550355, ""type"": ""gimbal"", ""phase"": ""move"", ""target_yaw"": 0, ""target_pitch"": 0, ""actual_yaw"": 77.9, ""actual_pitch"": -1.6, ""ground_yaw"": 98.6, ""ground_pitch"": 0.0, ""delta_yaw"": -90, ""delta_pitch"": 0}"
357,1790497666.1343873,hardware_action,"{""timestamp"": 1790497666.1343873, ""type"": ""hardware_action"", ""name"": ""Gimbal move action"", ""state"": ""action_succeeded"", ""completed"": true, ""succeeded"": true, ""elapsed_sec"": 0.583556814000076}"
358,1790497666.484677,gimbal,"{""timestamp"": 1790497666.484677, ""type"": ""gimbal"", ""phase"": ""move_completed"", ""target_yaw"": 0, ""target_pitch"": 0, ""actual_yaw"": -8.3, ""actual_pitch"": -6.7, ""ground_yaw"": 12.9, ""ground_pitch"": 0.0}"
359,1790497666.8625119,tof_sample,"{""timestamp"": 1790497666.8625119, ""type"": ""tof_sample"", ""gimbal_yaw"": 0, ""range_m"": 0.881, ""accepted"": 5}"
360,1790497666.8626945,range_mismatch,"{""timestamp"": 1790497666.8626945, ""type"": ""range_mismatch"", ""direction"": ""E"", ""residual_m"": 2.1614351738043194}"
361,1790497666.8628383,scan,"{""timestamp"": 1790497666.8628383, ""type"": ""scan"", ""cell"": [4, 2], ""pose"": [2.4434172250220345, 1.2151514047747813, -89.74000000000001], ""ranges_m"": {""3"": 0.873, ""2"": 1.461, ""1"": 2.986, ""0"": 0.213}, ""scan_headings"": {""3"": 3, ""2"": 3, ""1"": 3, ""0"": 3}}"
362,1790497667.0334847,hardware_action,"{""timestamp"": 1790497667.0334847, ""type"": ""hardware_action"", ""name"": ""Gimbal front position hold"", ""state"": ""action_succeeded"", ""completed"": true, ""succeeded"": true, ""elapsed_sec"": 0.16116656300027898}"
363,1790497667.0335112,gimbal,"{""timestamp"": 1790497667.0335112, ""type"": ""gimbal"", ""phase"": ""front_position_hold"", ""target_yaw"": 0, ""target_pitch"": 0, ""actual_yaw"": -5.0, ""actual_pitch"": -6.7, ""ground_yaw"": 17.1, ""ground_pitch"": 0.0}"
364,1790497667.385244,gimbal,"{""timestamp"": 1790497667.385244, ""type"": ""gimbal"", ""phase"": ""move_completed"", ""target_yaw"": 0, ""target_pitch"": 0, ""actual_yaw"": -5.4, ""actual_pitch"": -6.7, ""ground_yaw"": 15.9, ""ground_pitch"": 0.0}"
365,1790497667.6596496,tof_sample,"{""timestamp"": 1790497667.6596496, ""type"": ""tof_sample"", ""gimbal_yaw"": 0, ""range_m"": 0.872, ""accepted"": 5}"
366,1790497671.0497248,chassis_wheel_stop,"{""timestamp"": 1790497671.0497248, ""type"": ""chassis_wheel_stop"", ""acknowledged"": true}"
367,1790497671.3536186,chassis_stationary,"{""timestamp"": 1790497671.3536186, ""type"": ""chassis_stationary"", ""yaw"": -90.41, ""position_m"": [2.421311951601712, 0.6409684669550527]}"
368,1790497671.3536284,move,"{""timestamp"": 1790497671.3536284, ""type"": ""move"", ""from"": [4, 2], ""to"": [4, 1], ""direction"": 3, ""backtrack"": false, ""odometry_delta_m"": [-0.007678896727994822, -0.6111971700237501], ""yaw"": -90.41}"
369,1790497671.353714,scan_mode,"{""timestamp"": 1790497671.353714, ""type"": ""scan_mode"", ""mode"": ""gimbal""}"
370,1790497671.3537347,gimbal,"{""timestamp"": 1790497671.3537347, ""type"": ""gimbal"", ""phase"": ""reference_reused"", ""target_yaw"": 0, ""target_pitch"": 0, ""actual_yaw"": -5.2, ""actual_pitch"": -6.8, ""ground_yaw"": 15.2, ""ground_pitch"": 0.0}"
371,1790497671.7038755,gimbal,"{""timestamp"": 1790497671.7038755, ""type"": ""gimbal"", ""phase"": ""move_completed"", ""target_yaw"": 0, ""target_pitch"": 0, ""actual_yaw"": -5.2, ""actual_pitch"": -6.8, ""ground_yaw"": 15.2, ""ground_pitch"": 0.0}"
372,1790497671.9695926,tof_sample,"{""timestamp"": 1790497671.9695926, ""type"": ""tof_sample"", ""gimbal_yaw"": 0, ""range_m"": 0.227, ""accepted"": 5}"
373,1790497671.9696543,gimbal,"{""timestamp"": 1790497671.9696543, ""type"": ""gimbal"", ""phase"": ""move"", ""target_yaw"": -90, ""target_pitch"": 0, ""actual_yaw"": -5.2, ""actual_pitch"": -6.8, ""ground_yaw"": 15.2, ""ground_pitch"": 0.0, ""delta_yaw"": -90, ""delta_pitch"": 0}"
374,1790497672.5337467,hardware_action,"{""timestamp"": 1790497672.5337467, ""type"": ""hardware_action"", ""name"": ""Gimbal move action"", ""state"": ""action_succeeded"", ""completed"": true, ""succeeded"": true, ""elapsed_sec"": 0.5636217020000913}"
375,1790497672.8839295,gimbal,"{""timestamp"": 1790497672.8839295, ""type"": ""gimbal"", ""phase"": ""move_completed"", ""target_yaw"": -90, ""target_pitch"": 0, ""actual_yaw"": -92.8, ""actual_pitch"": -0.9, ""ground_yaw"": -70.8, ""ground_pitch"": 0.0}"
376,1790497673.1697927,tof_sample,"{""timestamp"": 1790497673.1697927, ""type"": ""tof_sample"", ""gimbal_yaw"": -90, ""range_m"": 0.197, ""accepted"": 5}"
377,1790497673.1698499,gimbal,"{""timestamp"": 1790497673.1698499, ""type"": ""gimbal"", ""phase"": ""move"", ""target_yaw"": -180, ""target_pitch"": 0, ""actual_yaw"": -92.7, ""actual_pitch"": -0.9, ""ground_yaw"": -70.8, ""ground_pitch"": 0.0, ""delta_yaw"": -90, ""delta_pitch"": 0}"
378,1790497673.7364364,hardware_action,"{""timestamp"": 1790497673.7364364, ""type"": ""hardware_action"", ""name"": ""Gimbal move action"", ""state"": ""action_succeeded"", ""completed"": true, ""succeeded"": true, ""elapsed_sec"": 0.566250570000193}"
379,1790497674.0866048,gimbal,"{""timestamp"": 1790497674.0866048, ""type"": ""gimbal"", ""phase"": ""move_completed"", ""target_yaw"": -180, ""target_pitch"": 0, ""actual_yaw"": -179.1, ""actual_pitch"": 4.8, ""ground_yaw"": -156.5, ""ground_pitch"": 0.0}"
380,1790497674.371338,tof_sample,"{""timestamp"": 1790497674.371338, ""type"": ""tof_sample"", ""gimbal_yaw"": -180, ""range_m"": 3.736, ""accepted"": 5}"
381,1790497674.3713923,gimbal,"{""timestamp"": 1790497674.3713923, ""type"": ""gimbal"", ""phase"": ""move"", ""target_yaw"": 0, ""target_pitch"": 0, ""actual_yaw"": -179.1, ""actual_pitch"": 4.8, ""ground_yaw"": -156.5, ""ground_pitch"": 0.0, ""delta_yaw"": 90, ""delta_pitch"": 0}"
382,1790497674.9344049,hardware_action,"{""timestamp"": 1790497674.9344049, ""type"": ""hardware_action"", ""name"": ""Gimbal move action"", ""state"": ""action_succeeded"", ""completed"": true, ""succeeded"": true, ""elapsed_sec"": 0.5626359359998787}"
383,1790497674.934498,gimbal,"{""timestamp"": 1790497674.934498, ""type"": ""gimbal"", ""phase"": ""move"", ""target_yaw"": 0, ""target_pitch"": 0, ""actual_yaw"": -94.1, ""actual_pitch"": -1.1, ""ground_yaw"": -71.4, ""ground_pitch"": -0.3, ""delta_yaw"": 90, ""delta_pitch"": 0}"
384,1790497675.5361,hardware_action,"{""timestamp"": 1790497675.5361, ""type"": ""hardware_action"", ""name"": ""Gimbal move action"", ""state"": ""action_succeeded"", ""completed"": true, ""succeeded"": true, ""elapsed_sec"": 0.6012011770003483}"
385,1790497675.8863297,gimbal,"{""timestamp"": 1790497675.8863297, ""type"": ""gimbal"", ""phase"": ""move_completed"", ""target_yaw"": 0, ""target_pitch"": 0, ""actual_yaw"": -8.2, ""actual_pitch"": -7.2, ""ground_yaw"": 13.4, ""ground_pitch"": 0.0}"
386,1790497675.8863888,gimbal,"{""timestamp"": 1790497675.8863888, ""type"": ""gimbal"", ""phase"": ""move"", ""target_yaw"": 90, ""target_pitch"": 0, ""actual_yaw"": -8.2, ""actual_pitch"": -7.2, ""ground_yaw"": 13.4, ""ground_pitch"": 0.0, ""delta_yaw"": 90, ""delta_pitch"": 0}"
387,1790497676.4351294,hardware_action,"{""timestamp"": 1790497676.4351294, ""type"": ""hardware_action"", ""name"": ""Gimbal move action"", ""state"": ""action_succeeded"", ""completed"": true, ""succeeded"": true, ""elapsed_sec"": 0.5483649299999342}"
388,1790497676.785324,gimbal,"{""timestamp"": 1790497676.785324, ""type"": ""gimbal"", ""phase"": ""move_completed"", ""target_yaw"": 90, ""target_pitch"": 0, ""actual_yaw"": 78.2, ""actual_pitch"": -1.5, ""ground_yaw"": 99.1, ""ground_pitch"": 0.0}"
389,1790497677.0301712,tof_sample,"{""timestamp"": 1790497677.0301712, ""type"": ""tof_sample"", ""gimbal_yaw"": 90, ""range_m"": 0.22, ""accepted"": 5}"
390,1790497677.030238,gimbal,"{""timestamp"": 1790497677.030238, ""type"": ""gimbal"", ""phase"": ""move"", ""target_yaw"": 0, ""target_pitch"": 0, ""actual_yaw"": 78.2, ""actual_pitch"": -1.5, ""ground_yaw"": 99.1, ""ground_pitch"": 0.0, ""delta_yaw"": -90, ""delta_pitch"": 0}"
391,1790497677.6350477,hardware_action,"{""timestamp"": 1790497677.6350477, ""type"": ""hardware_action"", ""name"": ""Gimbal move action"", ""state"": ""action_succeeded"", ""completed"": true, ""succeeded"": true, ""elapsed_sec"": 0.6043615509997835}"
392,1790497677.9852722,gimbal,"{""timestamp"": 1790497677.9852722, ""type"": ""gimbal"", ""phase"": ""move_completed"", ""target_yaw"": 0, ""target_pitch"": 0, ""actual_yaw"": -8.1, ""actual_pitch"": -7.0, ""ground_yaw"": 13.3, ""ground_pitch"": 0.0}"
393,1790497678.4840016,tof_sample,"{""timestamp"": 1790497678.4840016, ""type"": ""tof_sample"", ""gimbal_yaw"": 0, ""range_m"": 0.226, ""accepted"": 5}"
394,1790497678.4841762,range_mismatch,"{""timestamp"": 1790497678.4841762, ""type"": ""range_mismatch"", ""direction"": ""E"", ""residual_m"": 2.2774542347510316}"
395,1790497678.4842849,scan,"{""timestamp"": 1790497678.4842849, ""type"": ""scan"", ""cell"": [4, 1], ""pose"": [2.3515024596968552, 0.5712669182107359, -90.38], ""ranges_m"": {""3"": 0.227, ""2"": 0.197, ""1"": 3.736, ""0"": 0.22}, ""scan_headings"": {""3"": 3, ""2"": 3, ""1"": 3, ""0"": 3}}"
396,1790497678.6356492,hardware_action,"{""timestamp"": 1790497678.6356492, ""type"": ""hardware_action"", ""name"": ""Gimbal front position hold"", ""state"": ""action_succeeded"", ""completed"": true, ""succeeded"": true, ""elapsed_sec"": 0.1319144160001997}"
397,1790497678.6356728,gimbal,"{""timestamp"": 1790497678.6356728, ""type"": ""gimbal"", ""phase"": ""front_position_hold"", ""target_yaw"": 0, ""target_pitch"": 0, ""actual_yaw"": -5.8, ""actual_pitch"": -6.9, ""ground_yaw"": 16.2, ""ground_pitch"": 0.0}"
398,1790497683.185935,gimbal,"{""timestamp"": 1790497683.185935, ""type"": ""gimbal"", ""phase"": ""move_completed"", ""target_yaw"": 0, ""target_pitch"": 0, ""actual_yaw"": -5.2, ""actual_pitch"": 5.4, ""ground_yaw"": -164.5, ""ground_pitch"": 0.0}"
399,1790497683.449339,tof_sample,"{""timestamp"": 1790497683.449339, ""type"": ""tof_sample"", ""gimbal_yaw"": 0, ""range_m"": 3.794, ""accepted"": 5}"
400,1790497686.375739,chassis_wheel_stop,"{""timestamp"": 1790497686.375739, ""type"": ""chassis_wheel_stop"", ""acknowledged"": true}"
401,1790497686.6792803,chassis_stationary,"{""timestamp"": 1790497686.6792803, ""type"": ""chassis_stationary"", ""yaw"": 89.64999999999998, ""position_m"": [2.432409427878248, 1.2617227450074004]}"
402,1790497686.6792932,move,"{""timestamp"": 1790497686.6792932, ""type"": ""move"", ""from"": [4, 1], ""to"": [4, 2], ""direction"": 1, ""backtrack"": true, ""odometry_delta_m"": [0.009040119014723569, 0.6159657729518738], ""yaw"": 89.64999999999998}"
403,1790497686.6793904,scan_mode,"{""timestamp"": 1790497686.6793904, ""type"": ""scan_mode"", ""mode"": ""gimbal""}"
404,1790497686.6794157,gimbal,"{""timestamp"": 1790497686.6794157, ""type"": ""gimbal"", ""phase"": ""reference_reused"", ""target_yaw"": 0, ""target_pitch"": 0, ""actual_yaw"": -5.1, ""actual_pitch"": 5.4, ""ground_yaw"": -165.8, ""ground_pitch"": 0.0}"
405,1790497687.029667,gimbal,"{""timestamp"": 1790497687.029667, ""type"": ""gimbal"", ""phase"": ""move_completed"", ""target_yaw"": 0, ""target_pitch"": 0, ""actual_yaw"": -5.1, ""actual_pitch"": 5.4, ""ground_yaw"": -165.8, ""ground_pitch"": 0.0}"
406,1790497687.264004,tof_sample,"{""timestamp"": 1790497687.264004, ""type"": ""tof_sample"", ""gimbal_yaw"": 0, ""range_m"": 3.116, ""accepted"": 5}"
407,1790497687.2640724,gimbal,"{""timestamp"": 1790497687.2640724, ""type"": ""gimbal"", ""phase"": ""move"", ""target_yaw"": -90, ""target_pitch"": 0, ""actual_yaw"": -5.1, ""actual_pitch"": 5.4, ""ground_yaw"": -165.8, ""ground_pitch"": 0.0, ""delta_yaw"": -90, ""delta_pitch"": 0}"
408,1790497687.83485,hardware_action,"{""timestamp"": 1790497687.83485, ""type"": ""hardware_action"", ""name"": ""Gimbal move action"", ""state"": ""action_succeeded"", ""completed"": true, ""succeeded"": true, ""elapsed_sec"": 0.5702932630001669}"
409,1790497688.1851811,gimbal,"{""timestamp"": 1790497688.1851811, ""type"": ""gimbal"", ""phase"": ""move_completed"", ""target_yaw"": -90, ""target_pitch"": 0, ""actual_yaw"": -92.9, ""actual_pitch"": 0.2, ""ground_yaw"": 108.0, ""ground_pitch"": 0.0}"
410,1790497688.662189,tof_sample,"{""timestamp"": 1790497688.662189, ""type"": ""tof_sample"", ""gimbal_yaw"": -90, ""range_m"": 0.202, ""accepted"": 5}"
411,1790497688.6622453,gimbal,"{""timestamp"": 1790497688.6622453, ""type"": ""gimbal"", ""phase"": ""move"", ""target_yaw"": -180, ""target_pitch"": 0, ""actual_yaw"": -92.8, ""actual_pitch"": 0.2, ""ground_yaw"": 108.0, ""ground_pitch"": 0.0, ""delta_yaw"": -90, ""delta_pitch"": 0}"
412,1790497689.229937,hardware_action,"{""timestamp"": 1790497689.229937, ""type"": ""hardware_action"", ""name"": ""Gimbal move action"", ""state"": ""action_succeeded"", ""completed"": true, ""succeeded"": true, ""elapsed_sec"": 0.5672936760001903}"
413,1790497689.5801547,gimbal,"{""timestamp"": 1790497689.5801547, ""type"": ""gimbal"", ""phase"": ""move_completed"", ""target_yaw"": -180, ""target_pitch"": 0, ""actual_yaw"": -178.9, ""actual_pitch"": -7.7, ""ground_yaw"": 22.4, ""ground_pitch"": 0.0}"
414,1790497689.8145542,tof_sample,"{""timestamp"": 1790497689.8145542, ""type"": ""tof_sample"", ""gimbal_yaw"": -180, ""range_m"": 0.853, ""accepted"": 5}"
415,1790497689.8146126,gimbal,"{""timestamp"": 1790497689.8146126, ""type"": ""gimbal"", ""phase"": ""move"", ""target_yaw"": 0, ""target_pitch"": 0, ""actual_yaw"": -178.9, ""actual_pitch"": -7.7, ""ground_yaw"": 22.4, ""ground_pitch"": 0.0, ""delta_yaw"": 90, ""delta_pitch"": 0}"
416,1790497690.3352985,hardware_action,"{""timestamp"": 1790497690.3352985, ""type"": ""hardware_action"", ""name"": ""Gimbal move action"", ""state"": ""action_succeeded"", ""completed"": true, ""succeeded"": true, ""elapsed_sec"": 0.5202498199996626}"
417,1790497690.3354187,gimbal,"{""timestamp"": 1790497690.3354187, ""type"": ""gimbal"", ""phase"": ""move"", ""target_yaw"": 0, ""target_pitch"": 0, ""actual_yaw"": -102.3, ""actual_pitch"": -0.4, ""ground_yaw"": 100.2, ""ground_pitch"": 0.3, ""delta_yaw"": 90, ""delta_pitch"": 0}"
418,1790497690.9354706,hardware_action,"{""timestamp"": 1790497690.9354706, ""type"": ""hardware_action"", ""name"": ""Gimbal move action"", ""state"": ""action_succeeded"", ""completed"": true, ""succeeded"": true, ""elapsed_sec"": 0.5989642620002087}"
419,1790497691.2856178,gimbal,"{""timestamp"": 1790497691.2856178, ""type"": ""gimbal"", ""phase"": ""move_completed"", ""target_yaw"": 0, ""target_pitch"": 0, ""actual_yaw"": -7.5, ""actual_pitch"": 5.2, ""ground_yaw"": -166.9, ""ground_pitch"": 0.0}"
420,1790497691.2856781,gimbal,"{""timestamp"": 1790497691.2856781, ""type"": ""gimbal"", ""phase"": ""move"", ""target_yaw"": 90, ""target_pitch"": 0, ""actual_yaw"": -7.5, ""actual_pitch"": 5.2, ""ground_yaw"": -166.9, ""ground_pitch"": 0.0, ""delta_yaw"": 90, ""delta_pitch"": 0}"
421,1790497691.8348484,hardware_action,"{""timestamp"": 1790497691.8348484, ""type"": ""hardware_action"", ""name"": ""Gimbal move action"", ""state"": ""action_succeeded"", ""completed"": true, ""succeeded"": true, ""elapsed_sec"": 0.5487477499996203}"
422,1790497692.1851003,gimbal,"{""timestamp"": 1790497692.1851003, ""type"": ""gimbal"", ""phase"": ""move_completed"", ""target_yaw"": 90, ""target_pitch"": 0, ""actual_yaw"": 78.2, ""actual_pitch"": -0.5, ""ground_yaw"": -81.2, ""ground_pitch"": 0.0}"
423,1790497692.4194598,tof_sample,"{""timestamp"": 1790497692.4194598, ""type"": ""tof_sample"", ""gimbal_yaw"": 90, ""range_m"": 1.536, ""accepted"": 5}"
424,1790497692.4195187,gimbal,"{""timestamp"": 1790497692.4195187, ""type"": ""gimbal"", ""phase"": ""move"", ""target_yaw"": 0, ""target_pitch"": 0, ""actual_yaw"": 78.2, ""actual_pitch"": -0.5, ""ground_yaw"": -81.1, ""ground_pitch"": 0.0, ""delta_yaw"": -90, ""delta_pitch"": 0}"
425,1790497692.936011,hardware_action,"{""timestamp"": 1790497692.936011, ""type"": ""hardware_action"", ""name"": ""Gimbal move action"", ""state"": ""action_succeeded"", ""completed"": true, ""succeeded"": true, ""elapsed_sec"": 0.5159103850000974}"
426,1790497693.28624,gimbal,"{""timestamp"": 1790497693.28624, ""type"": ""gimbal"", ""phase"": ""move_completed"", ""target_yaw"": 0, ""target_pitch"": 0, ""actual_yaw"": -7.9, ""actual_pitch"": 5.4, ""ground_yaw"": -166.8, ""ground_pitch"": 0.0}"
427,1790497693.5726337,tof_sample,"{""timestamp"": 1790497693.5726337, ""type"": ""tof_sample"", ""gimbal_yaw"": 0, ""range_m"": 3.095, ""accepted"": 5}"
428,1790497693.5727413,range_mismatch,"{""timestamp"": 1790497693.5727413, ""type"": ""range_mismatch"", ""direction"": ""E"", ""residual_m"": 2.2407326911626098}"
429,1790497693.5728989,scan,"{""timestamp"": 1790497693.5728989, ""type"": ""scan"", ""cell"": [4, 2], ""pose"": [2.443360686436057, 1.1899394241773422, 89.75], ""ranges_m"": {""1"": 3.116, ""0"": 0.202, ""3"": 0.853, ""2"": 1.536}, ""scan_headings"": {""1"": 1, ""0"": 1, ""3"": 1, ""2"": 1}}"
430,1790497693.7364364,hardware_action,"{""timestamp"": 1790497693.7364364, ""type"": ""hardware_action"", ""name"": ""Gimbal front position hold"", ""state"": ""action_succeeded"", ""completed"": true, ""succeeded"": true, ""elapsed_sec"": 0.15322546700008388}"
431,1790497693.736462,gimbal,"{""timestamp"": 1790497693.736462, ""type"": ""gimbal"", ""phase"": ""front_position_hold"", ""target_yaw"": 0, ""target_pitch"": 0, ""actual_yaw"": -1.5, ""actual_pitch"": 5.3, ""ground_yaw"": -160.3, ""ground_pitch"": 0.0}"
432,1790497697.2745285,gimbal,"{""timestamp"": 1790497697.2745285, ""type"": ""gimbal"", ""phase"": ""move_completed"", ""target_yaw"": 0, ""target_pitch"": 0, ""actual_yaw"": -5.6, ""actual_pitch"": -0.9, ""ground_yaw"": -73.4, ""ground_pitch"": 0.0}"
433,1790497697.5898528,tof_sample,"{""timestamp"": 1790497697.5898528, ""type"": ""tof_sample"", ""gimbal_yaw"": 0, ""range_m"": 1.474, ""accepted"": 5}"
434,1790497700.5146034,chassis_wheel_stop,"{""timestamp"": 1790497700.5146034, ""type"": ""chassis_wheel_stop"", ""acknowledged"": true}"
435,1790497700.8182561,chassis_stationary,"{""timestamp"": 1790497700.8182561, ""type"": ""chassis_stationary"", ""yaw"": 179.67000000000002, ""position_m"": [1.8154954164936217, 1.2617840420573763]}"
436,1790497700.8182688,move,"{""timestamp"": 1790497700.8182688, ""type"": ""move"", ""from"": [4, 2], ""to"": [3, 2], ""direction"": 2, ""backtrack"": true, ""odometry_delta_m"": [-0.6190439308454807, 0.008427792319219307], ""yaw"": 179.67000000000002}"
437,1790497700.8183784,scan_mode,"{""timestamp"": 1790497700.8183784, ""type"": ""scan_mode"", ""mode"": ""gimbal""}"
438,1790497700.818409,gimbal,"{""timestamp"": 1790497700.818409, ""type"": ""gimbal"", ""phase"": ""reference_reused"", ""target_yaw"": 0, ""target_pitch"": 0, ""actual_yaw"": -5.6, ""actual_pitch"": -0.9, ""ground_yaw"": -72.9, ""ground_pitch"": 0.0}"
439,1790497701.1686,gimbal,"{""timestamp"": 1790497701.1686, ""type"": ""gimbal"", ""phase"": ""move_completed"", ""target_yaw"": 0, ""target_pitch"": 0, ""actual_yaw"": -5.6, ""actual_pitch"": -0.9, ""ground_yaw"": -72.9, ""ground_pitch"": 0.0}"
440,1790497701.4436066,tof_sample,"{""timestamp"": 1790497701.4436066, ""type"": ""tof_sample"", ""gimbal_yaw"": 0, ""range_m"": 0.775, ""accepted"": 5}"
441,1790497701.4436533,gimbal,"{""timestamp"": 1790497701.4436533, ""type"": ""gimbal"", ""phase"": ""move"", ""target_yaw"": -90, ""target_pitch"": 0, ""actual_yaw"": -5.6, ""actual_pitch"": -0.9, ""ground_yaw"": -72.9, ""ground_pitch"": 0.0, ""delta_yaw"": -90, ""delta_pitch"": 0}"
442,1790497702.0342956,hardware_action,"{""timestamp"": 1790497702.0342956, ""type"": ""hardware_action"", ""name"": ""Gimbal move action"", ""state"": ""action_succeeded"", ""completed"": true, ""succeeded"": true, ""elapsed_sec"": 0.5902957119997154}"
443,1790497702.3845267,gimbal,"{""timestamp"": 1790497702.3845267, ""type"": ""gimbal"", ""phase"": ""move_completed"", ""target_yaw"": -90, ""target_pitch"": 0, ""actual_yaw"": -93.0, ""actual_pitch"": 5.5, ""ground_yaw"": -158.9, ""ground_pitch"": 0.0}"
444,1790497702.6499379,tof_sample,"{""timestamp"": 1790497702.6499379, ""type"": ""tof_sample"", ""gimbal_yaw"": -90, ""range_m"": 2.482, ""accepted"": 5}"
445,1790497702.6499987,gimbal,"{""timestamp"": 1790497702.6499987, ""type"": ""gimbal"", ""phase"": ""move"", ""target_yaw"": -180, ""target_pitch"": 0, ""actual_yaw"": -92.9, ""actual_pitch"": 5.5, ""ground_yaw"": -158.9, ""ground_pitch"": 0.0, ""delta_yaw"": -90, ""delta_pitch"": 0}"
446,1790497703.2320814,hardware_action,"{""timestamp"": 1790497703.2320814, ""type"": ""hardware_action"", ""name"": ""Gimbal move action"", ""state"": ""action_succeeded"", ""completed"": true, ""succeeded"": true, ""elapsed_sec"": 0.5816725200002111}"
447,1790497703.5823135,gimbal,"{""timestamp"": 1790497703.5823135, ""type"": ""gimbal"", ""phase"": ""move_completed"", ""target_yaw"": -180, ""target_pitch"": 0, ""actual_yaw"": -179.4, ""actual_pitch"": 0.2, ""ground_yaw"": 115.2, ""ground_pitch"": 0.0}"
448,1790497703.8070662,tof_sample,"{""timestamp"": 1790497703.8070662, ""type"": ""tof_sample"", ""gimbal_yaw"": -180, ""range_m"": 0.998, ""accepted"": 5}"
449,1790497703.8071442,gimbal,"{""timestamp"": 1790497703.8071442, ""type"": ""gimbal"", ""phase"": ""move"", ""target_yaw"": 0, ""target_pitch"": 0, ""actual_yaw"": -179.4, ""actual_pitch"": 0.2, ""ground_yaw"": 115.2, ""ground_pitch"": 0.0, ""delta_yaw"": 90, ""delta_pitch"": 0}"
450,1790497704.336722,hardware_action,"{""timestamp"": 1790497704.336722, ""type"": ""hardware_action"", ""name"": ""Gimbal move action"", ""state"": ""action_succeeded"", ""completed"": true, ""succeeded"": true, ""elapsed_sec"": 0.5290918929999862}"
451,1790497704.3368154,gimbal,"{""timestamp"": 1790497704.3368154, ""type"": ""gimbal"", ""phase"": ""move"", ""target_yaw"": 0, ""target_pitch"": 0, ""actual_yaw"": -104.3, ""actual_pitch"": 5.3, ""ground_yaw"": -169.2, ""ground_pitch"": 0.0, ""delta_yaw"": 90, ""delta_pitch"": 0}"
452,1790497704.9362438,hardware_action,"{""timestamp"": 1790497704.9362438, ""type"": ""hardware_action"", ""name"": ""Gimbal move action"", ""state"": ""action_succeeded"", ""completed"": true, ""succeeded"": true, ""elapsed_sec"": 0.5990696190001472}"
453,1790497705.2864633,gimbal,"{""timestamp"": 1790497705.2864633, ""type"": ""gimbal"", ""phase"": ""move_completed"", ""target_yaw"": 0, ""target_pitch"": 0, ""actual_yaw"": -8.5, ""actual_pitch"": -0.2, ""ground_yaw"": -74.7, ""ground_pitch"": 0.0}"
454,1790497705.2865326,gimbal,"{""timestamp"": 1790497705.2865326, ""type"": ""gimbal"", ""phase"": ""move"", ""target_yaw"": 90, ""target_pitch"": 0, ""actual_yaw"": -8.5, ""actual_pitch"": -0.2, ""ground_yaw"": -74.7, ""ground_pitch"": 0.0, ""delta_yaw"": 90, ""delta_pitch"": 0}"
455,1790497705.8333397,hardware_action,"{""timestamp"": 1790497705.8333397, ""type"": ""hardware_action"", ""name"": ""Gimbal move action"", ""state"": ""action_succeeded"", ""completed"": true, ""succeeded"": true, ""elapsed_sec"": 0.546243475999745}"
456,1790497706.1835618,gimbal,"{""timestamp"": 1790497706.1835618, ""type"": ""gimbal"", ""phase"": ""move_completed"", ""target_yaw"": 90, ""target_pitch"": 0, ""actual_yaw"": 76.9, ""actual_pitch"": -8.2, ""ground_yaw"": 10.7, ""ground_pitch"": 0.0}"
457,1790497706.4591634,tof_sample,"{""timestamp"": 1790497706.4591634, ""type"": ""tof_sample"", ""gimbal_yaw"": 90, ""range_m"": 1.244, ""accepted"": 5}"
458,1790497706.4592223,gimbal,"{""timestamp"": 1790497706.4592223, ""type"": ""gimbal"", ""phase"": ""move"", ""target_yaw"": 0, ""target_pitch"": 0, ""actual_yaw"": 76.9, ""actual_pitch"": -8.1, ""ground_yaw"": 10.7, ""ground_pitch"": 0.0, ""delta_yaw"": -90, ""delta_pitch"": 0}"
459,1790497707.036252,hardware_action,"{""timestamp"": 1790497707.036252, ""type"": ""hardware_action"", ""name"": ""Gimbal move action"", ""state"": ""action_succeeded"", ""completed"": true, ""succeeded"": true, ""elapsed_sec"": 0.5766396730000451}"
460,1790497707.3864846,gimbal,"{""timestamp"": 1790497707.3864846, ""type"": ""gimbal"", ""phase"": ""move_completed"", ""target_yaw"": 0, ""target_pitch"": 0, ""actual_yaw"": -9.1, ""actual_pitch"": 0.0, ""ground_yaw"": -75.0, ""ground_pitch"": 0.0}"
461,1790497707.6613832,tof_sample,"{""timestamp"": 1790497707.6613832, ""type"": ""tof_sample"", ""gimbal_yaw"": 0, ""range_m"": 0.79, ""accepted"": 5}"
462,1790497707.6615434,range_mismatch,"{""timestamp"": 1790497707.6615434, ""type"": ""range_mismatch"", ""direction"": ""N"", ""residual_m"": 0.15981675559057673}"
463,1790497707.6615803,range_mismatch,"{""timestamp"": 1790497707.6615803, ""type"": ""range_mismatch"", ""direction"": ""W"", ""residual_m"": -0.2168672164965615}"
464,1790497707.6616662,scan,"{""timestamp"": 1790497707.6616662, ""type"": ""scan"", ""cell"": [3, 2], ""pose"": [1.8243167555905764, 1.1983672164965615, 179.43], ""ranges_m"": {""2"": 0.775, ""1"": 2.482, ""0"": 0.998, ""3"": 1.244}, ""scan_headings"": {""2"": 2, ""1"": 2, ""0"": 2, ""3"": 2}}"
465,1790497707.8355181,hardware_action,"{""timestamp"": 1790497707.8355181, ""type"": ""hardware_action"", ""name"": ""Gimbal front position hold"", ""state"": ""action_succeeded"", ""completed"": true, ""succeeded"": true, ""elapsed_sec"": 0.1637453939997613}"
466,1790497707.8355453,gimbal,"{""timestamp"": 1790497707.8355453, ""type"": ""gimbal"", ""phase"": ""front_position_hold"", ""target_yaw"": 0, ""target_pitch"": 0, ""actual_yaw"": -2.1, ""actual_pitch"": -0.8, ""ground_yaw"": -67.3, ""ground_pitch"": 0.1}"
467,1790497710.4204388,gimbal,"{""timestamp"": 1790497710.4204388, ""type"": ""gimbal"", ""phase"": ""move_completed"", ""target_yaw"": 0, ""target_pitch"": 0, ""actual_yaw"": -5.1, ""actual_pitch"": 5.7, ""ground_yaw"": -161.6, ""ground_pitch"": 0.0}"
468,1790497710.673635,tof_sample,"{""timestamp"": 1790497710.673635, ""type"": ""tof_sample"", ""gimbal_yaw"": 0, ""range_m"": 2.892, ""accepted"": 5}"
469,1790497714.0546267,chassis_wheel_stop,"{""timestamp"": 1790497714.0546267, ""type"": ""chassis_wheel_stop"", ""acknowledged"": true}"
470,1790497714.3587856,chassis_stationary,"{""timestamp"": 1790497714.3587856, ""type"": ""chassis_stationary"", ""yaw"": 89.52999999999997, ""position_m"": [1.8085014643333484, 1.8624086624594867]}"
471,1790497714.3587995,move,"{""timestamp"": 1790497714.3587995, ""type"": ""move"", ""from"": [3, 2], ""to"": [3, 3], ""direction"": 1, ""backtrack"": false, ""odometry_delta_m"": [-0.001465642911441245, 0.6011798652573586], ""yaw"": 89.52999999999997}"
472,1790497714.3589337,scan_mode,"{""timestamp"": 1790497714.3589337, ""type"": ""scan_mode"", ""mode"": ""gimbal""}"
473,1790497714.3589642,gimbal,"{""timestamp"": 1790497714.3589642, ""type"": ""gimbal"", ""phase"": ""reference_reused"", ""target_yaw"": 0, ""target_pitch"": 0, ""actual_yaw"": -5.0, ""actual_pitch"": 5.9, ""ground_yaw"": -162.4, ""ground_pitch"": 0.0}"
474,1790497714.7091954,gimbal,"{""timestamp"": 1790497714.7091954, ""type"": ""gimbal"", ""phase"": ""move_completed"", ""target_yaw"": 0, ""target_pitch"": 0, ""actual_yaw"": -5.0, ""actual_pitch"": 5.9, ""ground_yaw"": -162.4, ""ground_pitch"": 0.0}"
475,1790497714.9845207,tof_sample,"{""timestamp"": 1790497714.9845207, ""type"": ""tof_sample"", ""gimbal_yaw"": 0, ""range_m"": 0.175, ""accepted"": 5}"
476,1790497714.984584,gimbal,"{""timestamp"": 1790497714.984584, ""type"": ""gimbal"", ""phase"": ""move"", ""target_yaw"": -90, ""target_pitch"": 0, ""actual_yaw"": -5.0, ""actual_pitch"": 5.9, ""ground_yaw"": -162.4, ""ground_pitch"": 0.0, ""delta_yaw"": -90, ""delta_pitch"": 0}"
477,1790497715.5356114,hardware_action,"{""timestamp"": 1790497715.5356114, ""type"": ""hardware_action"", ""name"": ""Gimbal move action"", ""state"": ""action_succeeded"", ""completed"": true, ""succeeded"": true, ""elapsed_sec"": 0.5505533169998671}"
478,1790497715.8859313,gimbal,"{""timestamp"": 1790497715.8859313, ""type"": ""gimbal"", ""phase"": ""move_completed"", ""target_yaw"": -90, ""target_pitch"": 0, ""actual_yaw"": -92.6, ""actual_pitch"": 0.6, ""ground_yaw"": 111.1, ""ground_pitch"": 0.0}"
479,1790497716.141429,tof_sample,"{""timestamp"": 1790497716.141429, ""type"": ""tof_sample"", ""gimbal_yaw"": -90, ""range_m"": 0.216, ""accepted"": 5}"
480,1790497716.1414998,gimbal,"{""timestamp"": 1790497716.1414998, ""type"": ""gimbal"", ""phase"": ""move"", ""target_yaw"": -180, ""target_pitch"": 0, ""actual_yaw"": -92.5, ""actual_pitch"": 0.5, ""ground_yaw"": 111.1, ""ground_pitch"": 0.0, ""delta_yaw"": -90, ""delta_pitch"": 0}"
481,1790497716.7359705,hardware_action,"{""timestamp"": 1790497716.7359705, ""type"": ""hardware_action"", ""name"": ""Gimbal move action"", ""state"": ""action_succeeded"", ""completed"": true, ""succeeded"": true, ""elapsed_sec"": 0.5938792580000154}"
482,1790497717.086171,gimbal,"{""timestamp"": 1790497717.086171, ""type"": ""gimbal"", ""phase"": ""move_completed"", ""target_yaw"": -180, ""target_pitch"": 0, ""actual_yaw"": -178.6, ""actual_pitch"": -8.1, ""ground_yaw"": 25.4, ""ground_pitch"": 0.0}"
483,1790497717.340485,tof_sample,"{""timestamp"": 1790497717.340485, ""type"": ""tof_sample"", ""gimbal_yaw"": -180, ""range_m"": 2.133, ""accepted"": 5}"
484,1790497717.34053,gimbal,"{""timestamp"": 1790497717.34053, ""type"": ""gimbal"", ""phase"": ""move"", ""target_yaw"": 0, ""target_pitch"": 0, ""actual_yaw"": -178.6, ""actual_pitch"": -8.1, ""ground_yaw"": 25.4, ""ground_pitch"": 0.0, ""delta_yaw"": 90, ""delta_pitch"": 0}"
485,1790497717.9364812,hardware_action,"{""timestamp"": 1790497717.9364812, ""type"": ""hardware_action"", ""name"": ""Gimbal move action"", ""state"": ""action_succeeded"", ""completed"": true, ""succeeded"": true, ""elapsed_sec"": 0.5956182700001591}"
486,1790497717.9365861,gimbal,"{""timestamp"": 1790497717.9365861, ""type"": ""gimbal"", ""phase"": ""move"", ""target_yaw"": 0, ""target_pitch"": 0, ""actual_yaw"": -99.4, ""actual_pitch"": 0.2, ""ground_yaw"": 105.9, ""ground_pitch"": 0.3, ""delta_yaw"": 90, ""delta_pitch"": 0}"
487,1790497718.5332642,hardware_action,"{""timestamp"": 1790497718.5332642, ""type"": ""hardware_action"", ""name"": ""Gimbal move action"", ""state"": ""action_succeeded"", ""completed"": true, ""succeeded"": true, ""elapsed_sec"": 0.5962847589999001}"
488,1790497718.883483,gimbal,"{""timestamp"": 1790497718.883483, ""type"": ""gimbal"", ""phase"": ""move_completed"", ""target_yaw"": 0, ""target_pitch"": 0, ""actual_yaw"": -6.4, ""actual_pitch"": 5.6, ""ground_yaw"": -163.3, ""ground_pitch"": 0.0}"
489,1790497718.8835459,gimbal,"{""timestamp"": 1790497718.8835459, ""type"": ""gimbal"", ""phase"": ""move"", ""target_yaw"": 90, ""target_pitch"": 0, ""actual_yaw"": -6.4, ""actual_pitch"": 5.6, ""ground_yaw"": -163.3, ""ground_pitch"": 0.0, ""delta_yaw"": 90, ""delta_pitch"": 0}"
490,1790497719.4326766,hardware_action,"{""timestamp"": 1790497719.4326766, ""type"": ""hardware_action"", ""name"": ""Gimbal move action"", ""state"": ""action_succeeded"", ""completed"": true, ""succeeded"": true, ""elapsed_sec"": 0.5487661739998657}"
491,1790497719.7828777,gimbal,"{""timestamp"": 1790497719.7828777, ""type"": ""gimbal"", ""phase"": ""move_completed"", ""target_yaw"": 90, ""target_pitch"": 0, ""actual_yaw"": 79.6, ""actual_pitch"": -0.7, ""ground_yaw"": -77.4, ""ground_pitch"": 0.0}"
492,1790497720.0477316,tof_sample,"{""timestamp"": 1790497720.0477316, ""type"": ""tof_sample"", ""gimbal_yaw"": 90, ""range_m"": 0.804, ""accepted"": 5}"
493,1790497720.0477934,gimbal,"{""timestamp"": 1790497720.0477934, ""type"": ""gimbal"", ""phase"": ""move"", ""target_yaw"": 0, ""target_pitch"": 0, ""actual_yaw"": 79.5, ""actual_pitch"": -0.7, ""ground_yaw"": -77.4, ""ground_pitch"": 0.0, ""delta_yaw"": -90, ""delta_pitch"": 0}"
494,1790497720.6316524,hardware_action,"{""timestamp"": 1790497720.6316524, ""type"": ""hardware_action"", ""name"": ""Gimbal move action"", ""state"": ""action_succeeded"", ""completed"": true, ""succeeded"": true, ""elapsed_sec"": 0.5834094719998575}"
495,1790497720.9819348,gimbal,"{""timestamp"": 1790497720.9819348, ""type"": ""gimbal"", ""phase"": ""move_completed"", ""target_yaw"": 0, ""target_pitch"": 0, ""actual_yaw"": -6.5, ""actual_pitch"": 5.7, ""ground_yaw"": -163.0, ""ground_pitch"": 0.0}"
496,1790497721.2481265,tof_sample,"{""timestamp"": 1790497721.2481265, ""type"": ""tof_sample"", ""gimbal_yaw"": 0, ""range_m"": 0.181, ""accepted"": 5}"
497,1790497721.248314,scan,"{""timestamp"": 1790497721.248314, ""type"": ""scan"", ""cell"": [3, 3], ""pose"": [1.8440938540105103, 1.8632808483856844, 88.98000000000002], ""ranges_m"": {""1"": 0.175, ""0"": 0.216, ""3"": 2.133, ""2"": 0.804}, ""scan_headings"": {""1"": 1, ""0"": 1, ""3"": 1, ""2"": 1}}"
498,1790497721.3364708,hardware_action,"{""timestamp"": 1790497721.3364708, ""type"": ""hardware_action"", ""name"": ""Gimbal front position hold"", ""state"": ""action_succeeded"", ""completed"": true, ""succeeded"": true, ""elapsed_sec"": 0.076869230000284}"
499,1790497721.3364947,gimbal,"{""timestamp"": 1790497721.3364947, ""type"": ""gimbal"", ""phase"": ""front_position_hold"", ""target_yaw"": 0, ""target_pitch"": 0, ""actual_yaw"": -6.5, ""actual_pitch"": 5.8, ""ground_yaw"": -162.9, ""ground_pitch"": 0.0}"
500,1790497725.5882442,gimbal,"{""timestamp"": 1790497725.5882442, ""type"": ""gimbal"", ""phase"": ""move_completed"", ""target_yaw"": 0, ""target_pitch"": 0, ""actual_yaw"": -5.4, ""actual_pitch"": -1.1, ""ground_yaw"": -69.3, ""ground_pitch"": 0.0}"
501,1790497725.9634755,tof_sample,"{""timestamp"": 1790497725.9634755, ""type"": ""tof_sample"", ""gimbal_yaw"": 0, ""range_m"": 0.783, ""accepted"": 5}"
502,1790497729.3970323,chassis_wheel_stop,"{""timestamp"": 1790497729.3970323, ""type"": ""chassis_wheel_stop"", ""acknowledged"": true}"
503,1790497729.7003853,chassis_stationary,"{""timestamp"": 1790497729.7003853, ""type"": ""chassis_stationary"", ""yaw"": 179.37, ""position_m"": [1.1961876072298077, 1.880964006675786]}"
504,1790497729.7003968,move,"{""timestamp"": 1790497729.7003968, ""type"": ""move"", ""from"": [3, 3], ""to"": [2, 3], ""direction"": 2, ""backtrack"": false, ""odometry_delta_m"": [-0.6074742697428162, 0.016901955520945977], ""yaw"": 179.37}"
505,1790497729.700501,scan_mode,"{""timestamp"": 1790497729.700501, ""type"": ""scan_mode"", ""mode"": ""gimbal""}"
506,1790497729.700527,gimbal,"{""timestamp"": 1790497729.700527, ""type"": ""gimbal"", ""phase"": ""reference_reused"", ""target_yaw"": 0, ""target_pitch"": 0, ""actual_yaw"": -5.1, ""actual_pitch"": -1.3, ""ground_yaw"": -69.3, ""ground_pitch"": 0.0}"
507,1790497730.0507493,gimbal,"{""timestamp"": 1790497730.0507493, ""type"": ""gimbal"", ""phase"": ""move_completed"", ""target_yaw"": 0, ""target_pitch"": 0, ""actual_yaw"": -5.1, ""actual_pitch"": -1.3, ""ground_yaw"": -69.3, ""ground_pitch"": 0.0}"
508,1790497730.4779646,tof_sample,"{""timestamp"": 1790497730.4779646, ""type"": ""tof_sample"", ""gimbal_yaw"": 0, ""range_m"": 0.15, ""accepted"": 5}"
509,1790497730.4780319,gimbal,"{""timestamp"": 1790497730.4780319, ""type"": ""gimbal"", ""phase"": ""move"", ""target_yaw"": -90, ""target_pitch"": 0, ""actual_yaw"": -5.1, ""actual_pitch"": -1.3, ""ground_yaw"": -69.3, ""ground_pitch"": 0.0, ""delta_yaw"": -90, ""delta_pitch"": 0}"
510,1790497731.0356503,hardware_action,"{""timestamp"": 1790497731.0356503, ""type"": ""hardware_action"", ""name"": ""Gimbal move action"", ""state"": ""action_succeeded"", ""completed"": true, ""succeeded"": true, ""elapsed_sec"": 0.5569960570001058}"
511,1790497731.3859806,gimbal,"{""timestamp"": 1790497731.3859806, ""type"": ""gimbal"", ""phase"": ""move_completed"", ""target_yaw"": -90, ""target_pitch"": 0, ""actual_yaw"": -92.4, ""actual_pitch"": 5.8, ""ground_yaw"": -155.4, ""ground_pitch"": 0.0}"
512,1790497731.630558,tof_sample,"{""timestamp"": 1790497731.630558, ""type"": ""tof_sample"", ""gimbal_yaw"": -90, ""range_m"": 0.24, ""accepted"": 5}"
513,1790497731.6306276,gimbal,"{""timestamp"": 1790497731.6306276, ""type"": ""gimbal"", ""phase"": ""move"", ""target_yaw"": -180, ""target_pitch"": 0, ""actual_yaw"": -92.2, ""actual_pitch"": 5.8, ""ground_yaw"": -155.4, ""ground_pitch"": 0.0, ""delta_yaw"": -90, ""delta_pitch"": 0}"
514,1790497732.2351408,hardware_action,"{""timestamp"": 1790497732.2351408, ""type"": ""hardware_action"", ""name"": ""Gimbal move action"", ""state"": ""action_succeeded"", ""completed"": true, ""succeeded"": true, ""elapsed_sec"": 0.6040595920003398}"
515,1790497732.5853617,gimbal,"{""timestamp"": 1790497732.5853617, ""type"": ""gimbal"", ""phase"": ""move_completed"", ""target_yaw"": -180, ""target_pitch"": 0, ""actual_yaw"": -178.9, ""actual_pitch"": 0.7, ""ground_yaw"": 118.7, ""ground_pitch"": 0.0}"
516,1790497732.983106,tof_sample,"{""timestamp"": 1790497732.983106, ""type"": ""tof_sample"", ""gimbal_yaw"": -180, ""range_m"": 0.967, ""accepted"": 5}"
517,1790497732.9833276,gimbal,"{""timestamp"": 1790497732.9833276, ""type"": ""gimbal"", ""phase"": ""move"", ""target_yaw"": 0, ""target_pitch"": 0, ""actual_yaw"": -178.9, ""actual_pitch"": 0.6, ""ground_yaw"": 118.6, ""ground_pitch"": 0.0, ""delta_yaw"": 90, ""delta_pitch"": 0}"
518,1790497733.5351038,hardware_action,"{""timestamp"": 1790497733.5351038, ""type"": ""hardware_action"", ""name"": ""Gimbal move action"", ""state"": ""action_succeeded"", ""completed"": true, ""succeeded"": true, ""elapsed_sec"": 0.5513207109997893}"
519,1790497733.5352268,gimbal,"{""timestamp"": 1790497733.5352268, ""type"": ""gimbal"", ""phase"": ""move"", ""target_yaw"": 0, ""target_pitch"": 0, ""actual_yaw"": -95.9, ""actual_pitch"": 5.7, ""ground_yaw"": -157.7, ""ground_pitch"": 0.0, ""delta_yaw"": 90, ""delta_pitch"": 0}"
520,1790497734.1351047,hardware_action,"{""timestamp"": 1790497734.1351047, ""type"": ""hardware_action"", ""name"": ""Gimbal move action"", ""state"": ""action_succeeded"", ""completed"": true, ""succeeded"": true, ""elapsed_sec"": 0.599101163999876}"
521,1790497734.485376,gimbal,"{""timestamp"": 1790497734.485376, ""type"": ""gimbal"", ""phase"": ""move_completed"", ""target_yaw"": 0, ""target_pitch"": 0, ""actual_yaw"": -8.1, ""actual_pitch"": -0.6, ""ground_yaw"": -71.4, ""ground_pitch"": 0.0}"
522,1790497734.4854467,gimbal,"{""timestamp"": 1790497734.4854467, ""type"": ""gimbal"", ""phase"": ""move"", ""target_yaw"": 90, ""target_pitch"": 0, ""actual_yaw"": -8.1, ""actual_pitch"": -0.6, ""ground_yaw"": -71.4, ""ground_pitch"": 0.0, ""delta_yaw"": 90, ""delta_pitch"": 0}"
523,1790497735.0545666,hardware_action,"{""timestamp"": 1790497735.0545666, ""type"": ""hardware_action"", ""name"": ""Gimbal move action"", ""state"": ""action_succeeded"", ""completed"": true, ""succeeded"": true, ""elapsed_sec"": 0.5686562910000248}"
524,1790497735.4047945,gimbal,"{""timestamp"": 1790497735.4047945, ""type"": ""gimbal"", ""phase"": ""move_completed"", ""target_yaw"": 90, ""target_pitch"": 0, ""actual_yaw"": 78.0, ""actual_pitch"": -8.6, ""ground_yaw"": 14.0, ""ground_pitch"": 0.0}"
525,1790497735.8926306,tof_sample,"{""timestamp"": 1790497735.8926306, ""type"": ""tof_sample"", ""gimbal_yaw"": 90, ""range_m"": 1.321, ""accepted"": 5}"
526,1790497735.892675,gimbal,"{""timestamp"": 1790497735.892675, ""type"": ""gimbal"", ""phase"": ""move"", ""target_yaw"": 0, ""target_pitch"": 0, ""actual_yaw"": 78.0, ""actual_pitch"": -8.5, ""ground_yaw"": 14.0, ""ground_pitch"": 0.0, ""delta_yaw"": -90, ""delta_pitch"": 0}"
527,1790497736.4350219,hardware_action,"{""timestamp"": 1790497736.4350219, ""type"": ""hardware_action"", ""name"": ""Gimbal move action"", ""state"": ""action_succeeded"", ""completed"": true, ""succeeded"": true, ""elapsed_sec"": 0.5420064150002872}"
528,1790497736.785244,gimbal,"{""timestamp"": 1790497736.785244, ""type"": ""gimbal"", ""phase"": ""move_completed"", ""target_yaw"": 0, ""target_pitch"": 0, ""actual_yaw"": -8.4, ""actual_pitch"": -0.4, ""ground_yaw"": -72.0, ""ground_pitch"": 0.0}"
529,1790497737.1414156,tof_sample,"{""timestamp"": 1790497737.1414156, ""type"": ""tof_sample"", ""gimbal_yaw"": 0, ""range_m"": 0.153, ""accepted"": 5}"
530,1790497737.1416705,scan,"{""timestamp"": 1790497737.1416705, ""type"": ""scan"", ""cell"": [2, 3], ""pose"": [1.1194256481957963, 1.8801828039066304, 179.60000000000002], ""ranges_m"": {""2"": 0.15, ""1"": 0.24, ""0"": 0.967, ""3"": 1.321}, ""scan_headings"": {""2"": 2, ""1"": 2, ""0"": 2, ""3"": 2}}"
531,1790497737.235355,hardware_action,"{""timestamp"": 1790497737.235355, ""type"": ""hardware_action"", ""name"": ""Gimbal front position hold"", ""state"": ""action_succeeded"", ""completed"": true, ""succeeded"": true, ""elapsed_sec"": 0.08223322599997118}"
532,1790497737.2353768,gimbal,"{""timestamp"": 1790497737.2353768, ""type"": ""gimbal"", ""phase"": ""front_position_hold"", ""target_yaw"": 0, ""target_pitch"": 0, ""actual_yaw"": -8.4, ""actual_pitch"": -0.5, ""ground_yaw"": -72.0, ""ground_pitch"": 0.0}"
533,1790497741.0781431,gimbal,"{""timestamp"": 1790497741.0781431, ""type"": ""gimbal"", ""phase"": ""move_completed"", ""target_yaw"": 0, ""target_pitch"": 0, ""actual_yaw"": -5.4, ""actual_pitch"": -7.5, ""ground_yaw"": 21.8, ""ground_pitch"": 0.0}"
534,1790497741.3511956,tof_sample,"{""timestamp"": 1790497741.3511956, ""type"": ""tof_sample"", ""gimbal_yaw"": 0, ""range_m"": 1.486, ""accepted"": 5}"
535,1790497744.3340368,chassis_wheel_stop,"{""timestamp"": 1790497744.3340368, ""type"": ""chassis_wheel_stop"", ""acknowledged"": true}"
536,1790497744.6380768,chassis_stationary,"{""timestamp"": 1790497744.6380768, ""type"": ""chassis_stationary"", ""yaw"": -90.38, ""position_m"": [1.2589565550123238, 1.2621441269092455]}"
537,1790497744.6380882,move,"{""timestamp"": 1790497744.6380882, ""type"": ""move"", ""from"": [2, 3], ""to"": [2, 2], ""direction"": 3, ""backtrack"": false, ""odometry_delta_m"": [0.06599086543543153, -0.6184977825175144], ""yaw"": -90.38}"
538,1790497744.6382022,scan_mode,"{""timestamp"": 1790497744.6382022, ""type"": ""scan_mode"", ""mode"": ""gimbal""}"
539,1790497744.6382277,gimbal,"{""timestamp"": 1790497744.6382277, ""type"": ""gimbal"", ""phase"": ""reference_reused"", ""target_yaw"": 0, ""target_pitch"": 0, ""actual_yaw"": -5.3, ""actual_pitch"": -7.1, ""ground_yaw"": 22.5, ""ground_pitch"": 0.0}"
540,1790497744.9884038,gimbal,"{""timestamp"": 1790497744.9884038, ""type"": ""gimbal"", ""phase"": ""move_completed"", ""target_yaw"": 0, ""target_pitch"": 0, ""actual_yaw"": -5.3, ""actual_pitch"": -7.2, ""ground_yaw"": 22.5, ""ground_pitch"": 0.0}"
541,1790497745.4160411,tof_sample,"{""timestamp"": 1790497745.4160411, ""type"": ""tof_sample"", ""gimbal_yaw"": 0, ""range_m"": 0.832, ""accepted"": 5}"
542,1790497745.4160945,gimbal,"{""timestamp"": 1790497745.4160945, ""type"": ""gimbal"", ""phase"": ""move"", ""target_yaw"": -90, ""target_pitch"": 0, ""actual_yaw"": -5.3, ""actual_pitch"": -7.2, ""ground_yaw"": 22.5, ""ground_pitch"": 0.0, ""delta_yaw"": -90, ""delta_pitch"": 0}"
543,1790497745.9380226,hardware_action,"{""timestamp"": 1790497745.9380226, ""type"": ""hardware_action"", ""name"": ""Gimbal move action"", ""state"": ""action_succeeded"", ""completed"": true, ""succeeded"": true, ""elapsed_sec"": 0.5215572549996068}"
544,1790497746.2882586,gimbal,"{""timestamp"": 1790497746.2882586, ""type"": ""gimbal"", ""phase"": ""move_completed"", ""target_yaw"": -90, ""target_pitch"": 0, ""actual_yaw"": -92.9, ""actual_pitch"": -1.5, ""ground_yaw"": -63.7, ""ground_pitch"": 0.0}"
545,1790497746.5632756,tof_sample,"{""timestamp"": 1790497746.5632756, ""type"": ""tof_sample"", ""gimbal_yaw"": -90, ""range_m"": 0.216, ""accepted"": 5}"
546,1790497746.563333,gimbal,"{""timestamp"": 1790497746.563333, ""type"": ""gimbal"", ""phase"": ""move"", ""target_yaw"": -180, ""target_pitch"": 0, ""actual_yaw"": -92.7, ""actual_pitch"": -1.5, ""ground_yaw"": -63.7, ""ground_pitch"": 0.0, ""delta_yaw"": -90, ""delta_pitch"": 0}"
547,1790497747.1437197,hardware_action,"{""timestamp"": 1790497747.1437197, ""type"": ""hardware_action"", ""name"": ""Gimbal move action"", ""state"": ""action_succeeded"", ""completed"": true, ""succeeded"": true, ""elapsed_sec"": 0.5800060369997482}"
548,1790497747.4942265,gimbal,"{""timestamp"": 1790497747.4942265, ""type"": ""gimbal"", ""phase"": ""move_completed"", ""target_yaw"": -180, ""target_pitch"": 0, ""actual_yaw"": -178.8, ""actual_pitch"": 5.1, ""ground_yaw"": -149.3, ""ground_pitch"": 0.0}"
549,1790497747.9731576,tof_sample,"{""timestamp"": 1790497747.9731576, ""type"": ""tof_sample"", ""gimbal_yaw"": -180, ""range_m"": 2.702, ""accepted"": 5}"
550,1790497747.9732168,gimbal,"{""timestamp"": 1790497747.9732168, ""type"": ""gimbal"", ""phase"": ""move"", ""target_yaw"": 0, ""target_pitch"": 0, ""actual_yaw"": -178.7, ""actual_pitch"": 5.1, ""ground_yaw"": -149.3, ""ground_pitch"": 0.0, ""delta_yaw"": 90, ""delta_pitch"": 0}"
551,1790497748.5307193,hardware_action,"{""timestamp"": 1790497748.5307193, ""type"": ""hardware_action"", ""name"": ""Gimbal move action"", ""state"": ""action_succeeded"", ""completed"": true, ""succeeded"": true, ""elapsed_sec"": 0.5557955479998782}"
552,1790497748.530848,gimbal,"{""timestamp"": 1790497748.530848, ""type"": ""gimbal"", ""phase"": ""move"", ""target_yaw"": 0, ""target_pitch"": 0, ""actual_yaw"": -88.5, ""actual_pitch"": -1.8, ""ground_yaw"": -60.5, ""ground_pitch"": 0.0, ""delta_yaw"": 90, ""delta_pitch"": 0}"
553,1790497749.132055,hardware_action,"{""timestamp"": 1790497749.132055, ""type"": ""hardware_action"", ""name"": ""Gimbal move action"", ""state"": ""action_succeeded"", ""completed"": true, ""succeeded"": true, ""elapsed_sec"": 0.6007680330003495}"
554,1790497749.482298,gimbal,"{""timestamp"": 1790497749.482298, ""type"": ""gimbal"", ""phase"": ""move_completed"", ""target_yaw"": 0, ""target_pitch"": 0, ""actual_yaw"": -7.7, ""actual_pitch"": -7.8, ""ground_yaw"": 20.7, ""ground_pitch"": 0.0}"
555,1790497749.4823682,gimbal,"{""timestamp"": 1790497749.4823682, ""type"": ""gimbal"", ""phase"": ""move"", ""target_yaw"": 90, ""target_pitch"": 0, ""actual_yaw"": -7.7, ""actual_pitch"": -7.8, ""ground_yaw"": 20.7, ""ground_pitch"": 0.0, ""delta_yaw"": 90, ""delta_pitch"": 0}"
556,1790497750.0539446,hardware_action,"{""timestamp"": 1790497750.0539446, ""type"": ""hardware_action"", ""name"": ""Gimbal move action"", ""state"": ""action_succeeded"", ""completed"": true, ""succeeded"": true, ""elapsed_sec"": 0.5710874199999125}"
557,1790497750.4041033,gimbal,"{""timestamp"": 1790497750.4041033, ""type"": ""gimbal"", ""phase"": ""move_completed"", ""target_yaw"": 90, ""target_pitch"": 0, ""actual_yaw"": 78.1, ""actual_pitch"": -1.0, ""ground_yaw"": 106.5, ""ground_pitch"": 0.0}"
558,1790497750.680189,tof_sample,"{""timestamp"": 1790497750.680189, ""type"": ""tof_sample"", ""gimbal_yaw"": 90, ""range_m"": 1.641, ""accepted"": 5}"
559,1790497750.6802616,gimbal,"{""timestamp"": 1790497750.6802616, ""type"": ""gimbal"", ""phase"": ""move"", ""target_yaw"": 0, ""target_pitch"": 0, ""actual_yaw"": 78.1, ""actual_pitch"": -1.0, ""ground_yaw"": 106.5, ""ground_pitch"": 0.0, ""delta_yaw"": -90, ""delta_pitch"": 0}"
560,1790497751.235137,hardware_action,"{""timestamp"": 1790497751.235137, ""type"": ""hardware_action"", ""name"": ""Gimbal move action"", ""state"": ""action_succeeded"", ""completed"": true, ""succeeded"": true, ""elapsed_sec"": 0.5543963479999547}"
561,1790497751.5853605,gimbal,"{""timestamp"": 1790497751.5853605, ""type"": ""gimbal"", ""phase"": ""move_completed"", ""target_yaw"": 0, ""target_pitch"": 0, ""actual_yaw"": -8.0, ""actual_pitch"": -7.5, ""ground_yaw"": 20.6, ""ground_pitch"": 0.0}"
562,1790497751.8803287,tof_sample,"{""timestamp"": 1790497751.8803287, ""type"": ""tof_sample"", ""gimbal_yaw"": 0, ""range_m"": 0.841, ""accepted"": 5}"
563,1790497751.8804488,range_mismatch,"{""timestamp"": 1790497751.8804488, ""type"": ""range_mismatch"", ""direction"": ""E"", ""residual_m"": 1.901185021389116}"
564,1790497751.88047,range_mismatch,"{""timestamp"": 1790497751.88047, ""type"": ""range_mismatch"", ""direction"": ""N"", ""residual_m"": 0.16391651363122817}"
565,1790497751.8805387,scan,"{""timestamp"": 1790497751.8805387, ""type"": ""scan"", ""cell"": [2, 2], ""pose"": [1.1854165136312278, 1.261685021389116, -90.82], ""ranges_m"": {""3"": 0.832, ""2"": 0.216, ""1"": 2.702, ""0"": 1.641}, ""scan_headings"": {""3"": 3, ""2"": 3, ""1"": 3, ""0"": 3}}"
566,1790497752.046046,hardware_action,"{""timestamp"": 1790497752.046046, ""type"": ""hardware_action"", ""name"": ""Gimbal front position hold"", ""state"": ""action_succeeded"", ""completed"": true, ""succeeded"": true, ""elapsed_sec"": 0.15417887400008112}"
567,1790497752.0460646,gimbal,"{""timestamp"": 1790497752.0460646, ""type"": ""gimbal"", ""phase"": ""front_position_hold"", ""target_yaw"": 0, ""target_pitch"": 0, ""actual_yaw"": -3.8, ""actual_pitch"": -7.4, ""ground_yaw"": 25.4, ""ground_pitch"": 0.0}"
568,1790497752.3966486,gimbal,"{""timestamp"": 1790497752.3966486, ""type"": ""gimbal"", ""phase"": ""move_completed"", ""target_yaw"": 0, ""target_pitch"": 0, ""actual_yaw"": -5.2, ""actual_pitch"": -7.4, ""ground_yaw"": 23.3, ""ground_pitch"": 0.0}"
569,1790497752.6295285,tof_sample,"{""timestamp"": 1790497752.6295285, ""type"": ""tof_sample"", ""gimbal_yaw"": 0, ""range_m"": 0.833, ""accepted"": 5}"
570,1790497755.6166654,chassis_wheel_stop,"{""timestamp"": 1790497755.6166654, ""type"": ""chassis_wheel_stop"", ""acknowledged"": true}"
571,1790497755.9209278,chassis_stationary,"{""timestamp"": 1790497755.9209278, ""type"": ""chassis_stationary"", ""yaw"": -90.42, ""position_m"": [1.2012275514085304, 0.6503857067441339]}"
572,1790497755.9209404,move,"{""timestamp"": 1790497755.9209404, ""type"": ""move"", ""from"": [2, 2], ""to"": [2, 1], ""direction"": 3, ""backtrack"": false, ""odometry_delta_m"": [-0.054612789634062686, -0.6102010793241728], ""yaw"": -90.42}"
573,1790497755.921049,scan_mode,"{""timestamp"": 1790497755.921049, ""type"": ""scan_mode"", ""mode"": ""gimbal""}"
574,1790497755.921081,gimbal,"{""timestamp"": 1790497755.921081, ""type"": ""gimbal"", ""phase"": ""reference_reused"", ""target_yaw"": 0, ""target_pitch"": 0, ""actual_yaw"": -5.4, ""actual_pitch"": -6.9, ""ground_yaw"": 23.4, ""ground_pitch"": 0.0}"
575,1790497756.271251,gimbal,"{""timestamp"": 1790497756.271251, ""type"": ""gimbal"", ""phase"": ""move_completed"", ""target_yaw"": 0, ""target_pitch"": 0, ""actual_yaw"": -5.4, ""actual_pitch"": -6.9, ""ground_yaw"": 23.4, ""ground_pitch"": 0.0}"
576,1790497756.64796,tof_sample,"{""timestamp"": 1790497756.64796, ""type"": ""tof_sample"", ""gimbal_yaw"": 0, ""range_m"": 0.184, ""accepted"": 5}"
577,1790497756.6480198,gimbal,"{""timestamp"": 1790497756.6480198, ""type"": ""gimbal"", ""phase"": ""move"", ""target_yaw"": -90, ""target_pitch"": 0, ""actual_yaw"": -5.4, ""actual_pitch"": -6.9, ""ground_yaw"": 23.4, ""ground_pitch"": 0.0, ""delta_yaw"": -90, ""delta_pitch"": 0}"
578,1790497757.2366586,hardware_action,"{""timestamp"": 1790497757.2366586, ""type"": ""hardware_action"", ""name"": ""Gimbal move action"", ""state"": ""action_succeeded"", ""completed"": true, ""succeeded"": true, ""elapsed_sec"": 0.588222095999754}"
579,1790497757.5869017,gimbal,"{""timestamp"": 1790497757.5869017, ""type"": ""gimbal"", ""phase"": ""move_completed"", ""target_yaw"": -90, ""target_pitch"": 0, ""actual_yaw"": -93.3, ""actual_pitch"": -1.5, ""ground_yaw"": -62.9, ""ground_pitch"": 0.0}"
580,1790497757.8409052,tof_sample,"{""timestamp"": 1790497757.8409052, ""type"": ""tof_sample"", ""gimbal_yaw"": -90, ""range_m"": 0.175, ""accepted"": 5}"
581,1790497757.8409514,gimbal,"{""timestamp"": 1790497757.8409514, ""type"": ""gimbal"", ""phase"": ""move"", ""target_yaw"": -180, ""target_pitch"": 0, ""actual_yaw"": -93.1, ""actual_pitch"": -1.6, ""ground_yaw"": -62.9, ""ground_pitch"": 0.0, ""delta_yaw"": -90, ""delta_pitch"": 0}"
582,1790497758.4348905,hardware_action,"{""timestamp"": 1790497758.4348905, ""type"": ""hardware_action"", ""name"": ""Gimbal move action"", ""state"": ""action_succeeded"", ""completed"": true, ""succeeded"": true, ""elapsed_sec"": 0.5935718149999047}"
583,1790497758.785154,gimbal,"{""timestamp"": 1790497758.785154, ""type"": ""gimbal"", ""phase"": ""move_completed"", ""target_yaw"": -180, ""target_pitch"": 0, ""actual_yaw"": -179.2, ""actual_pitch"": 4.8, ""ground_yaw"": -148.5, ""ground_pitch"": 0.0}"
584,1790497759.101252,tof_sample,"{""timestamp"": 1790497759.101252, ""type"": ""tof_sample"", ""gimbal_yaw"": -180, ""range_m"": 3.346, ""accepted"": 5}"
585,1790497759.101305,gimbal,"{""timestamp"": 1790497759.101305, ""type"": ""gimbal"", ""phase"": ""move"", ""target_yaw"": 0, ""target_pitch"": 0, ""actual_yaw"": -179.2, ""actual_pitch"": 4.8, ""ground_yaw"": -148.5, ""ground_pitch"": 0.0, ""delta_yaw"": 90, ""delta_pitch"": 0}"
586,1790497759.6356854,hardware_action,"{""timestamp"": 1790497759.6356854, ""type"": ""hardware_action"", ""name"": ""Gimbal move action"", ""state"": ""action_succeeded"", ""completed"": true, ""succeeded"": true, ""elapsed_sec"": 0.5340100769999481}"
587,1790497759.6357915,gimbal,"{""timestamp"": 1790497759.6357915, ""type"": ""gimbal"", ""phase"": ""move"", ""target_yaw"": 0, ""target_pitch"": 0, ""actual_yaw"": -105.5, ""actual_pitch"": -0.5, ""ground_yaw"": -74.9, ""ground_pitch"": -0.2, ""delta_yaw"": 90, ""delta_pitch"": 0}"
588,1790497760.2351394,hardware_action,"{""timestamp"": 1790497760.2351394, ""type"": ""hardware_action"", ""name"": ""Gimbal move action"", ""state"": ""action_succeeded"", ""completed"": true, ""succeeded"": true, ""elapsed_sec"": 0.5988910029996077}"
589,1790497760.585369,gimbal,"{""timestamp"": 1790497760.585369, ""type"": ""gimbal"", ""phase"": ""move_completed"", ""target_yaw"": 0, ""target_pitch"": 0, ""actual_yaw"": -7.9, ""actual_pitch"": -7.3, ""ground_yaw"": 21.8, ""ground_pitch"": 0.0}"
590,1790497760.5854394,gimbal,"{""timestamp"": 1790497760.5854394, ""type"": ""gimbal"", ""phase"": ""move"", ""target_yaw"": 90, ""target_pitch"": 0, ""actual_yaw"": -7.9, ""actual_pitch"": -7.3, ""ground_yaw"": 21.8, ""ground_pitch"": 0.0, ""delta_yaw"": 90, ""delta_pitch"": 0}"
591,1790497761.135476,hardware_action,"{""timestamp"": 1790497761.135476, ""type"": ""hardware_action"", ""name"": ""Gimbal move action"", ""state"": ""action_succeeded"", ""completed"": true, ""succeeded"": true, ""elapsed_sec"": 0.5495687759998873}"
592,1790497761.4857068,gimbal,"{""timestamp"": 1790497761.4857068, ""type"": ""gimbal"", ""phase"": ""move_completed"", ""target_yaw"": 90, ""target_pitch"": 0, ""actual_yaw"": 77.9, ""actual_pitch"": -0.9, ""ground_yaw"": 107.6, ""ground_pitch"": 0.0}"
593,1790497761.9115489,tof_sample,"{""timestamp"": 1790497761.9115489, ""type"": ""tof_sample"", ""gimbal_yaw"": 90, ""range_m"": 0.221, ""accepted"": 5}"
594,1790497761.911611,gimbal,"{""timestamp"": 1790497761.911611, ""type"": ""gimbal"", ""phase"": ""move"", ""target_yaw"": 0, ""target_pitch"": 0, ""actual_yaw"": 77.9, ""actual_pitch"": -0.9, ""ground_yaw"": 107.6, ""ground_pitch"": 0.0, ""delta_yaw"": -90, ""delta_pitch"": 0}"
595,1790497762.4363997,hardware_action,"{""timestamp"": 1790497762.4363997, ""type"": ""hardware_action"", ""name"": ""Gimbal move action"", ""state"": ""action_succeeded"", ""completed"": true, ""succeeded"": true, ""elapsed_sec"": 0.5243450440002562}"
596,1790497762.786631,gimbal,"{""timestamp"": 1790497762.786631, ""type"": ""gimbal"", ""phase"": ""move_completed"", ""target_yaw"": 0, ""target_pitch"": 0, ""actual_yaw"": -8.0, ""actual_pitch"": -7.1, ""ground_yaw"": 22.0, ""ground_pitch"": 0.0}"
597,1790497763.1130352,tof_sample,"{""timestamp"": 1790497763.1130352, ""type"": ""tof_sample"", ""gimbal_yaw"": 0, ""range_m"": 0.179, ""accepted"": 5}"
598,1790497763.1131623,range_mismatch,"{""timestamp"": 1790497763.1131623, ""type"": ""range_mismatch"", ""direction"": ""E"", ""residual_m"": 1.9349839420649433}"
599,1790497763.113245,scan,"{""timestamp"": 1790497763.113245, ""type"": ""scan"", ""cell"": [2, 1], ""pose"": [1.2302394593269232, 0.5308525372971808, -90.93], ""ranges_m"": {""3"": 0.184, ""2"": 0.175, ""1"": 3.346, ""0"": 0.221}, ""scan_headings"": {""3"": 3, ""2"": 3, ""1"": 3, ""0"": 3}}"
600,1790497763.2374587,hardware_action,"{""timestamp"": 1790497763.2374587, ""type"": ""hardware_action"", ""name"": ""Gimbal front position hold"", ""state"": ""action_succeeded"", ""completed"": true, ""succeeded"": true, ""elapsed_sec"": 0.11237678899988168}"
601,1790497763.2374804,gimbal,"{""timestamp"": 1790497763.2374804, ""type"": ""gimbal"", ""phase"": ""front_position_hold"", ""target_yaw"": 0, ""target_pitch"": 0, ""actual_yaw"": -5.1, ""actual_pitch"": -7.0, ""ground_yaw"": 25.5, ""ground_pitch"": 0.0}"
602,1790497767.7709894,gimbal,"{""timestamp"": 1790497767.7709894, ""type"": ""gimbal"", ""phase"": ""move_completed"", ""target_yaw"": 0, ""target_pitch"": 0, ""actual_yaw"": -5.3, ""actual_pitch"": 5.7, ""ground_yaw"": -155.9, ""ground_pitch"": 0.0}"
603,1790497768.0246396,tof_sample,"{""timestamp"": 1790497768.0246396, ""type"": ""tof_sample"", ""gimbal_yaw"": 0, ""range_m"": 3.274, ""accepted"": 5}"
604,1790497771.3164186,chassis_wheel_stop,"{""timestamp"": 1790497771.3164186, ""type"": ""chassis_wheel_stop"", ""acknowledged"": true}"
605,1790497771.621412,chassis_stationary,"{""timestamp"": 1790497771.621412, ""type"": ""chassis_stationary"", ""yaw"": 89.5, ""position_m"": [1.2387746738446994, 1.2703750547145352]}"
606,1790497771.6214216,move,"{""timestamp"": 1790497771.6214216, ""type"": ""move"", ""from"": [2, 1], ""to"": [2, 2], ""direction"": 1, ""backtrack"": true, ""odometry_delta_m"": [0.04026155885998284, 0.6160945906094], ""yaw"": 89.5}"
607,1790497771.6215057,scan_mode,"{""timestamp"": 1790497771.6215057, ""type"": ""scan_mode"", ""mode"": ""gimbal""}"
608,1790497771.6215267,gimbal,"{""timestamp"": 1790497771.6215267, ""type"": ""gimbal"", ""phase"": ""reference_reused"", ""target_yaw"": 0, ""target_pitch"": 0, ""actual_yaw"": -5.4, ""actual_pitch"": 5.9, ""ground_yaw"": -156.7, ""ground_pitch"": 0.0}"
609,1790497771.9716961,gimbal,"{""timestamp"": 1790497771.9716961, ""type"": ""gimbal"", ""phase"": ""move_completed"", ""target_yaw"": 0, ""target_pitch"": 0, ""actual_yaw"": -5.4, ""actual_pitch"": 5.8, ""ground_yaw"": -156.7, ""ground_pitch"": 0.0}"
610,1790497772.2370653,tof_sample,"{""timestamp"": 1790497772.2370653, ""type"": ""tof_sample"", ""gimbal_yaw"": 0, ""range_m"": 2.619, ""accepted"": 5}"
611,1790497772.2371256,gimbal,"{""timestamp"": 1790497772.2371256, ""type"": ""gimbal"", ""phase"": ""move"", ""target_yaw"": -90, ""target_pitch"": 0, ""actual_yaw"": -5.3, ""actual_pitch"": 5.8, ""ground_yaw"": -156.7, ""ground_pitch"": 0.0, ""delta_yaw"": -90, ""delta_pitch"": 0}"
612,1790497772.8357685,hardware_action,"{""timestamp"": 1790497772.8357685, ""type"": ""hardware_action"", ""name"": ""Gimbal move action"", ""state"": ""action_succeeded"", ""completed"": true, ""succeeded"": true, ""elapsed_sec"": 0.5982670980001785}"
613,1790497773.1859972,gimbal,"{""timestamp"": 1790497773.1859972, ""type"": ""gimbal"", ""phase"": ""move_completed"", ""target_yaw"": -90, ""target_pitch"": 0, ""actual_yaw"": -93.1, ""actual_pitch"": 0.7, ""ground_yaw"": 116.7, ""ground_pitch"": 0.0}"
614,1790497773.4401557,tof_sample,"{""timestamp"": 1790497773.4401557, ""type"": ""tof_sample"", ""gimbal_yaw"": -90, ""range_m"": 1.866, ""accepted"": 5}"
615,1790497773.4402092,gimbal,"{""timestamp"": 1790497773.4402092, ""type"": ""gimbal"", ""phase"": ""move"", ""target_yaw"": -180, ""target_pitch"": 0, ""actual_yaw"": -93.0, ""actual_pitch"": 0.7, ""ground_yaw"": 116.7, ""ground_pitch"": 0.0, ""delta_yaw"": -90, ""delta_pitch"": 0}"
616,1790497774.0383508,hardware_action,"{""timestamp"": 1790497774.0383508, ""type"": ""hardware_action"", ""name"": ""Gimbal move action"", ""state"": ""action_succeeded"", ""completed"": true, ""succeeded"": true, ""elapsed_sec"": 0.5977691110001615}"
617,1790497774.3885891,gimbal,"{""timestamp"": 1790497774.3885891, ""type"": ""gimbal"", ""phase"": ""move_completed"", ""target_yaw"": -180, ""target_pitch"": 0, ""actual_yaw"": -179.1, ""actual_pitch"": -8.1, ""ground_yaw"": 31.1, ""ground_pitch"": 0.0}"
618,1790497774.6426806,tof_sample,"{""timestamp"": 1790497774.6426806, ""type"": ""tof_sample"", ""gimbal_yaw"": -180, ""range_m"": 0.837, ""accepted"": 5}"
619,1790497774.6427357,gimbal,"{""timestamp"": 1790497774.6427357, ""type"": ""gimbal"", ""phase"": ""move"", ""target_yaw"": 0, ""target_pitch"": 0, ""actual_yaw"": -179.1, ""actual_pitch"": -8.1, ""ground_yaw"": 31.0, ""ground_pitch"": 0.0, ""delta_yaw"": 90, ""delta_pitch"": 0}"
620,1790497775.2368093,hardware_action,"{""timestamp"": 1790497775.2368093, ""type"": ""hardware_action"", ""name"": ""Gimbal move action"", ""state"": ""action_succeeded"", ""completed"": true, ""succeeded"": true, ""elapsed_sec"": 0.593669331000001}"
621,1790497775.2369483,gimbal,"{""timestamp"": 1790497775.2369483, ""type"": ""gimbal"", ""phase"": ""move"", ""target_yaw"": 0, ""target_pitch"": 0, ""actual_yaw"": -95.3, ""actual_pitch"": 0.5, ""ground_yaw"": 115.5, ""ground_pitch"": 0.3, ""delta_yaw"": 90, ""delta_pitch"": 0}"
622,1790497775.8370998,hardware_action,"{""timestamp"": 1790497775.8370998, ""type"": ""hardware_action"", ""name"": ""Gimbal move action"", ""state"": ""action_succeeded"", ""completed"": true, ""succeeded"": true, ""elapsed_sec"": 0.5997063009999692}"
623,1790497776.1873248,gimbal,"{""timestamp"": 1790497776.1873248, ""type"": ""gimbal"", ""phase"": ""move_completed"", ""target_yaw"": 0, ""target_pitch"": 0, ""actual_yaw"": -7.2, ""actual_pitch"": 5.7, ""ground_yaw"": -157.8, ""ground_pitch"": 0.0}"
624,1790497776.1873834,gimbal,"{""timestamp"": 1790497776.1873834, ""type"": ""gimbal"", ""phase"": ""move"", ""target_yaw"": 90, ""target_pitch"": 0, ""actual_yaw"": -7.2, ""actual_pitch"": 5.7, ""ground_yaw"": -157.8, ""ground_pitch"": 0.0, ""delta_yaw"": 90, ""delta_pitch"": 0}"
625,1790497776.7372944,hardware_action,"{""timestamp"": 1790497776.7372944, ""type"": ""hardware_action"", ""name"": ""Gimbal move action"", ""state"": ""action_succeeded"", ""completed"": true, ""succeeded"": true, ""elapsed_sec"": 0.5495542250000653}"
626,1790497777.0874767,gimbal,"{""timestamp"": 1790497777.0874767, ""type"": ""gimbal"", ""phase"": ""move_completed"", ""target_yaw"": 90, ""target_pitch"": 0, ""actual_yaw"": 78.4, ""actual_pitch"": -0.3, ""ground_yaw"": -72.0, ""ground_pitch"": 0.0}"
627,1790497777.3511717,tof_sample,"{""timestamp"": 1790497777.3511717, ""type"": ""tof_sample"", ""gimbal_yaw"": 90, ""range_m"": 0.201, ""accepted"": 5}"
628,1790497777.351229,gimbal,"{""timestamp"": 1790497777.351229, ""type"": ""gimbal"", ""phase"": ""move"", ""target_yaw"": 0, ""target_pitch"": 0, ""actual_yaw"": 78.4, ""actual_pitch"": -0.3, ""ground_yaw"": -72.0, ""ground_pitch"": 0.0, ""delta_yaw"": -90, ""delta_pitch"": 0}"
629,1790497777.9378726,hardware_action,"{""timestamp"": 1790497777.9378726, ""type"": ""hardware_action"", ""name"": ""Gimbal move action"", ""state"": ""action_succeeded"", ""completed"": true, ""succeeded"": true, ""elapsed_sec"": 0.5862573439999323}"
630,1790497778.2880268,gimbal,"{""timestamp"": 1790497778.2880268, ""type"": ""gimbal"", ""phase"": ""move_completed"", ""target_yaw"": 0, ""target_pitch"": 0, ""actual_yaw"": -7.7, ""actual_pitch"": 6.0, ""ground_yaw"": -157.6, ""ground_pitch"": 0.0}"
631,1790497778.5513902,tof_sample,"{""timestamp"": 1790497778.5513902, ""type"": ""tof_sample"", ""gimbal_yaw"": 0, ""range_m"": 2.936, ""accepted"": 5}"
632,1790497778.5514934,range_mismatch,"{""timestamp"": 1790497778.5514934, ""type"": ""range_mismatch"", ""direction"": ""E"", ""residual_m"": 1.703447127906581}"
633,1790497778.5515175,range_mismatch,"{""timestamp"": 1790497778.5515175, ""type"": ""range_mismatch"", ""direction"": ""N"", ""residual_m"": 0.47400101818690654}"
634,1790497778.5516295,scan,"{""timestamp"": 1790497778.5516295, ""type"": ""scan"", ""cell"": [2, 2], ""pose"": [1.160879595814663, 1.1698521176470116, 90.05000000000001], ""ranges_m"": {""1"": 2.619, ""0"": 1.866, ""3"": 0.837, ""2"": 0.201}, ""scan_headings"": {""1"": 1, ""0"": 1, ""3"": 1, ""2"": 1}}"
635,1790497778.7389045,hardware_action,"{""timestamp"": 1790497778.7389045, ""type"": ""hardware_action"", ""name"": ""Gimbal front position hold"", ""state"": ""action_succeeded"", ""completed"": true, ""succeeded"": true, ""elapsed_sec"": 0.1452095009999539}"
636,1790497778.7389314,gimbal,"{""timestamp"": 1790497778.7389314, ""type"": ""gimbal"", ""phase"": ""front_position_hold"", ""target_yaw"": 0, ""target_pitch"": 0, ""actual_yaw"": -5.9, ""actual_pitch"": 6.1, ""ground_yaw"": -155.3, ""ground_pitch"": 0.0}"
637,1790497779.0896688,gimbal,"{""timestamp"": 1790497779.0896688, ""type"": ""gimbal"", ""phase"": ""move_completed"", ""target_yaw"": 0, ""target_pitch"": 0, ""actual_yaw"": -5.3, ""actual_pitch"": 6.1, ""ground_yaw"": -155.2, ""ground_pitch"": 0.0}"
638,1790497779.3529503,tof_sample,"{""timestamp"": 1790497779.3529503, ""type"": ""tof_sample"", ""gimbal_yaw"": 0, ""range_m"": 2.678, ""accepted"": 5}"
639,1790497782.337025,chassis_wheel_stop,"{""timestamp"": 1790497782.337025, ""type"": ""chassis_wheel_stop"", ""acknowledged"": true}"
640,1790497782.6415749,chassis_stationary,"{""timestamp"": 1790497782.6415749, ""type"": ""chassis_stationary"", ""yaw"": 89.75999999999999, ""position_m"": [1.2332726820941966, 1.873953833903116]}"
641,1790497782.6415942,move,"{""timestamp"": 1790497782.6415942, ""type"": ""move"", ""from"": [2, 2], ""to"": [2, 3], ""direction"": 1, ""backtrack"": true, ""odometry_delta_m"": [-0.00447904102889507, 0.6124867627887658], ""yaw"": 89.75999999999999}"
642,1790497782.6417098,scan_mode,"{""timestamp"": 1790497782.6417098, ""type"": ""scan_mode"", ""mode"": ""gimbal""}"
643,1790497782.641742,gimbal,"{""timestamp"": 1790497782.641742, ""type"": ""gimbal"", ""phase"": ""reference_reused"", ""target_yaw"": 0, ""target_pitch"": 0, ""actual_yaw"": -5.5, ""actual_pitch"": 6.5, ""ground_yaw"": -156.1, ""ground_pitch"": 0.0}"
644,1790497782.9919386,gimbal,"{""timestamp"": 1790497782.9919386, ""type"": ""gimbal"", ""phase"": ""move_completed"", ""target_yaw"": 0, ""target_pitch"": 0, ""actual_yaw"": -5.6, ""actual_pitch"": 6.5, ""ground_yaw"": -156.1, ""ground_pitch"": 0.0}"
645,1790497783.2573903,tof_sample,"{""timestamp"": 1790497783.2573903, ""type"": ""tof_sample"", ""gimbal_yaw"": 0, ""range_m"": 0.251, ""accepted"": 5}"
646,1790497783.2574508,gimbal,"{""timestamp"": 1790497783.2574508, ""type"": ""gimbal"", ""phase"": ""move"", ""target_yaw"": -90, ""target_pitch"": 0, ""actual_yaw"": -5.6, ""actual_pitch"": 6.5, ""ground_yaw"": -156.1, ""ground_pitch"": 0.0, ""delta_yaw"": -90, ""delta_pitch"": 0}"
647,1790497783.8381352,hardware_action,"{""timestamp"": 1790497783.8381352, ""type"": ""hardware_action"", ""name"": ""Gimbal move action"", ""state"": ""action_succeeded"", ""completed"": true, ""succeeded"": true, ""elapsed_sec"": 0.5795683090000239}"
648,1790497784.1883852,gimbal,"{""timestamp"": 1790497784.1883852, ""type"": ""gimbal"", ""phase"": ""move_completed"", ""target_yaw"": -90, ""target_pitch"": 0, ""actual_yaw"": -93.5, ""actual_pitch"": -0.6, ""ground_yaw"": 117.7, ""ground_pitch"": 0.0}"
649,1790497784.4130237,tof_sample,"{""timestamp"": 1790497784.4130237, ""type"": ""tof_sample"", ""gimbal_yaw"": -90, ""range_m"": 0.853, ""accepted"": 5}"
650,1790497784.4130783,gimbal,"{""timestamp"": 1790497784.4130783, ""type"": ""gimbal"", ""phase"": ""move"", ""target_yaw"": -180, ""target_pitch"": 0, ""actual_yaw"": -93.4, ""actual_pitch"": -0.6, ""ground_yaw"": 117.7, ""ground_pitch"": 0.0, ""delta_yaw"": -90, ""delta_pitch"": 0}"
651,1790497784.9375687,hardware_action,"{""timestamp"": 1790497784.9375687, ""type"": ""hardware_action"", ""name"": ""Gimbal move action"", ""state"": ""action_succeeded"", ""completed"": true, ""succeeded"": true, ""elapsed_sec"": 0.5241408520000732}"
652,1790497785.2878716,gimbal,"{""timestamp"": 1790497785.2878716, ""type"": ""gimbal"", ""phase"": ""move_completed"", ""target_yaw"": -180, ""target_pitch"": 0, ""actual_yaw"": -179.5, ""actual_pitch"": -9.1, ""ground_yaw"": 32.2, ""ground_pitch"": 0.0}"
653,1790497785.5727043,tof_sample,"{""timestamp"": 1790497785.5727043, ""type"": ""tof_sample"", ""gimbal_yaw"": -180, ""range_m"": 1.486, ""accepted"": 5}"
654,1790497785.5727656,gimbal,"{""timestamp"": 1790497785.5727656, ""type"": ""gimbal"", ""phase"": ""move"", ""target_yaw"": 0, ""target_pitch"": 0, ""actual_yaw"": -179.5, ""actual_pitch"": -9.0, ""ground_yaw"": 32.2, ""ground_pitch"": 0.0, ""delta_yaw"": 90, ""delta_pitch"": 0}"
655,1790497786.1352649,hardware_action,"{""timestamp"": 1790497786.1352649, ""type"": ""hardware_action"", ""name"": ""Gimbal move action"", ""state"": ""action_succeeded"", ""completed"": true, ""succeeded"": true, ""elapsed_sec"": 0.5619264699998894}"
656,1790497786.135358,gimbal,"{""timestamp"": 1790497786.135358, ""type"": ""gimbal"", ""phase"": ""move"", ""target_yaw"": 0, ""target_pitch"": 0, ""actual_yaw"": -98.0, ""actual_pitch"": -0.7, ""ground_yaw"": 114.8, ""ground_pitch"": 0.4, ""delta_yaw"": 90, ""delta_pitch"": 0}"
657,1790497786.7384655,hardware_action,"{""timestamp"": 1790497786.7384655, ""type"": ""hardware_action"", ""name"": ""Gimbal move action"", ""state"": ""action_succeeded"", ""completed"": true, ""succeeded"": true, ""elapsed_sec"": 0.6027486259999932}"
658,1790497787.088759,gimbal,"{""timestamp"": 1790497787.088759, ""type"": ""gimbal"", ""phase"": ""move_completed"", ""target_yaw"": 0, ""target_pitch"": 0, ""actual_yaw"": -9.1, ""actual_pitch"": 6.2, ""ground_yaw"": -158.0, ""ground_pitch"": 0.0}"
659,1790497787.0888436,gimbal,"{""timestamp"": 1790497787.0888436, ""type"": ""gimbal"", ""phase"": ""move"", ""target_yaw"": 90, ""target_pitch"": 0, ""actual_yaw"": -9.1, ""actual_pitch"": 6.2, ""ground_yaw"": -158.0, ""ground_pitch"": 0.0, ""delta_yaw"": 90, ""delta_pitch"": 0}"
660,1790497787.6344526,hardware_action,"{""timestamp"": 1790497787.6344526, ""type"": ""hardware_action"", ""name"": ""Gimbal move action"", ""state"": ""action_succeeded"", ""completed"": true, ""succeeded"": true, ""elapsed_sec"": 0.5452065510003195}"
661,1790497787.9846447,gimbal,"{""timestamp"": 1790497787.9846447, ""type"": ""gimbal"", ""phase"": ""move_completed"", ""target_yaw"": 90, ""target_pitch"": 0, ""actual_yaw"": 77.0, ""actual_pitch"": 0.9, ""ground_yaw"": -72.1, ""ground_pitch"": 0.0}"
662,1790497788.220114,tof_sample,"{""timestamp"": 1790497788.220114, ""type"": ""tof_sample"", ""gimbal_yaw"": 90, ""range_m"": 0.2, ""accepted"": 5}"
663,1790497788.2201765,gimbal,"{""timestamp"": 1790497788.2201765, ""type"": ""gimbal"", ""phase"": ""move"", ""target_yaw"": 0, ""target_pitch"": 0, ""actual_yaw"": 77.0, ""actual_pitch"": 1.0, ""ground_yaw"": -72.0, ""ground_pitch"": 0.0, ""delta_yaw"": -90, ""delta_pitch"": 0}"
664,1790497788.7379985,hardware_action,"{""timestamp"": 1790497788.7379985, ""type"": ""hardware_action"", ""name"": ""Gimbal move action"", ""state"": ""action_succeeded"", ""completed"": true, ""succeeded"": true, ""elapsed_sec"": 0.5173948719998407}"
665,1790497789.088248,gimbal,"{""timestamp"": 1790497789.088248, ""type"": ""gimbal"", ""phase"": ""move_completed"", ""target_yaw"": 0, ""target_pitch"": 0, ""actual_yaw"": -9.4, ""actual_pitch"": 6.4, ""ground_yaw"": -157.8, ""ground_pitch"": 0.0}"
666,1790497789.323012,tof_sample,"{""timestamp"": 1790497789.323012, ""type"": ""tof_sample"", ""gimbal_yaw"": 0, ""range_m"": 0.252, ""accepted"": 5}"
667,1790497789.3233316,scan,"{""timestamp"": 1790497789.3233316, ""type"": ""scan"", ""cell"": [2, 3], ""pose"": [1.1718960625636388, 1.8142023942728993, 89.62], ""ranges_m"": {""1"": 0.251, ""0"": 0.853, ""3"": 1.486, ""2"": 0.2}, ""scan_headings"": {""1"": 1, ""0"": 1, ""3"": 1, ""2"": 1}}"
668,1790497789.437734,hardware_action,"{""timestamp"": 1790497789.437734, ""type"": ""hardware_action"", ""name"": ""Gimbal front position hold"", ""state"": ""action_succeeded"", ""completed"": true, ""succeeded"": true, ""elapsed_sec"": 0.09096608599975298}"
669,1790497789.4377534,gimbal,"{""timestamp"": 1790497789.4377534, ""type"": ""gimbal"", ""phase"": ""front_position_hold"", ""target_yaw"": 0, ""target_pitch"": 0, ""actual_yaw"": -6.4, ""actual_pitch"": 6.6, ""ground_yaw"": -154.3, ""ground_pitch"": 0.0}"
670,1790497792.048813,gimbal,"{""timestamp"": 1790497792.048813, ""type"": ""gimbal"", ""phase"": ""move_completed"", ""target_yaw"": 0, ""target_pitch"": 0, ""actual_yaw"": -5.0, ""actual_pitch"": -0.9, ""ground_yaw"": 115.6, ""ground_pitch"": 0.0}"
671,1790497792.282563,tof_sample,"{""timestamp"": 1790497792.282563, ""type"": ""tof_sample"", ""gimbal_yaw"": 0, ""range_m"": 0.844, ""accepted"": 5}"
672,1790497795.3582282,chassis_wheel_stop,"{""timestamp"": 1790497795.3582282, ""type"": ""chassis_wheel_stop"", ""acknowledged"": true}"
673,1790497795.662943,chassis_stationary,"{""timestamp"": 1790497795.662943, ""type"": ""chassis_stationary"", ""yaw"": -0.9099999999999966, ""position_m"": [1.826200988191983, 1.813265403967832]}"
674,1790497795.6629555,move,"{""timestamp"": 1790497795.6629555, ""type"": ""move"", ""from"": [2, 3], ""to"": [3, 3], ""direction"": 0, ""backtrack"": true, ""odometry_delta_m"": [0.5971911351346555, -0.050016448460298735], ""yaw"": -0.9099999999999966}"
675,1790497795.6630647,scan_mode,"{""timestamp"": 1790497795.6630647, ""type"": ""scan_mode"", ""mode"": ""gimbal""}"
676,1790497795.663094,gimbal,"{""timestamp"": 1790497795.663094, ""type"": ""gimbal"", ""phase"": ""reference_reused"", ""target_yaw"": 0, ""target_pitch"": 0, ""actual_yaw"": -4.9, ""actual_pitch"": -1.5, ""ground_yaw"": 114.4, ""ground_pitch"": 0.0}"
677,1790497796.0133321,gimbal,"{""timestamp"": 1790497796.0133321, ""type"": ""gimbal"", ""phase"": ""move_completed"", ""target_yaw"": 0, ""target_pitch"": 0, ""actual_yaw"": -4.9, ""actual_pitch"": -1.5, ""ground_yaw"": 114.4, ""ground_pitch"": 0.0}"
678,1790497796.3007555,tof_sample,"{""timestamp"": 1790497796.3007555, ""type"": ""tof_sample"", ""gimbal_yaw"": 0, ""range_m"": 0.205, ""accepted"": 5}"
679,1790497796.300847,gimbal,"{""timestamp"": 1790497796.300847, ""type"": ""gimbal"", ""phase"": ""move"", ""target_yaw"": -90, ""target_pitch"": 0, ""actual_yaw"": -4.9, ""actual_pitch"": -1.5, ""ground_yaw"": 114.4, ""ground_pitch"": 0.0, ""delta_yaw"": -90, ""delta_pitch"": 0}"
680,1790497796.838302,hardware_action,"{""timestamp"": 1790497796.838302, ""type"": ""hardware_action"", ""name"": ""Gimbal move action"", ""state"": ""action_succeeded"", ""completed"": true, ""succeeded"": true, ""elapsed_sec"": 0.5369194529998822}"
681,1790497797.1885405,gimbal,"{""timestamp"": 1790497797.1885405, ""type"": ""gimbal"", ""phase"": ""move_completed"", ""target_yaw"": -90, ""target_pitch"": 0, ""actual_yaw"": -92.1, ""actual_pitch"": -8.5, ""ground_yaw"": 28.3, ""ground_pitch"": 0.0}"
682,1790497797.4530342,tof_sample,"{""timestamp"": 1790497797.4530342, ""type"": ""tof_sample"", ""gimbal_yaw"": -90, ""range_m"": 2.068, ""accepted"": 5}"
683,1790497797.453129,gimbal,"{""timestamp"": 1790497797.453129, ""type"": ""gimbal"", ""phase"": ""move"", ""target_yaw"": -180, ""target_pitch"": 0, ""actual_yaw"": -92.0, ""actual_pitch"": -8.5, ""ground_yaw"": 28.3, ""ground_pitch"": 0.0, ""delta_yaw"": -90, ""delta_pitch"": 0}"
684,1790497798.0383232,hardware_action,"{""timestamp"": 1790497798.0383232, ""type"": ""hardware_action"", ""name"": ""Gimbal move action"", ""state"": ""action_succeeded"", ""completed"": true, ""succeeded"": true, ""elapsed_sec"": 0.5847964850004246}"
685,1790497798.3884666,gimbal,"{""timestamp"": 1790497798.3884666, ""type"": ""gimbal"", ""phase"": ""move_completed"", ""target_yaw"": -180, ""target_pitch"": 0, ""actual_yaw"": -178.6, ""actual_pitch"": -0.6, ""ground_yaw"": -57.5, ""ground_pitch"": 0.0}"
686,1790497798.653082,tof_sample,"{""timestamp"": 1790497798.653082, ""type"": ""tof_sample"", ""gimbal_yaw"": -180, ""range_m"": 0.82, ""accepted"": 5}"
687,1790497798.6531274,gimbal,"{""timestamp"": 1790497798.6531274, ""type"": ""gimbal"", ""phase"": ""move"", ""target_yaw"": 0, ""target_pitch"": 0, ""actual_yaw"": -178.6, ""actual_pitch"": -0.6, ""ground_yaw"": -57.5, ""ground_pitch"": 0.0, ""delta_yaw"": 90, ""delta_pitch"": 0}"
688,1790497799.2396574,hardware_action,"{""timestamp"": 1790497799.2396574, ""type"": ""hardware_action"", ""name"": ""Gimbal move action"", ""state"": ""action_succeeded"", ""completed"": true, ""succeeded"": true, ""elapsed_sec"": 0.5862082170001486}"
689,1790497799.239743,gimbal,"{""timestamp"": 1790497799.239743, ""type"": ""gimbal"", ""phase"": ""move"", ""target_yaw"": 0, ""target_pitch"": 0, ""actual_yaw"": -92.1, ""actual_pitch"": -8.9, ""ground_yaw"": 28.5, ""ground_pitch"": 0.0, ""delta_yaw"": 90, ""delta_pitch"": 0}"
690,1790497799.839189,hardware_action,"{""timestamp"": 1790497799.839189, ""type"": ""hardware_action"", ""name"": ""Gimbal move action"", ""state"": ""action_succeeded"", ""completed"": true, ""succeeded"": true, ""elapsed_sec"": 0.5989459540001008}"
691,1790497800.1894145,gimbal,"{""timestamp"": 1790497800.1894145, ""type"": ""gimbal"", ""phase"": ""move_completed"", ""target_yaw"": 0, ""target_pitch"": 0, ""actual_yaw"": -6.8, ""actual_pitch"": -1.7, ""ground_yaw"": 113.1, ""ground_pitch"": 0.0}"
692,1790497800.1894755,gimbal,"{""timestamp"": 1790497800.1894755, ""type"": ""gimbal"", ""phase"": ""move"", ""target_yaw"": 90, ""target_pitch"": 0, ""actual_yaw"": -6.8, ""actual_pitch"": -1.7, ""ground_yaw"": 113.1, ""ground_pitch"": 0.0, ""delta_yaw"": 90, ""delta_pitch"": 0}"
693,1790497800.736059,hardware_action,"{""timestamp"": 1790497800.736059, ""type"": ""hardware_action"", ""name"": ""Gimbal move action"", ""state"": ""action_succeeded"", ""completed"": true, ""succeeded"": true, ""elapsed_sec"": 0.5462095100001534}"
694,1790497801.0862787,gimbal,"{""timestamp"": 1790497801.0862787, ""type"": ""gimbal"", ""phase"": ""move_completed"", ""target_yaw"": 90, ""target_pitch"": 0, ""actual_yaw"": 78.6, ""actual_pitch"": 5.7, ""ground_yaw"": -161.2, ""ground_pitch"": 0.0}"
695,1790497801.311343,tof_sample,"{""timestamp"": 1790497801.311343, ""type"": ""tof_sample"", ""gimbal_yaw"": 90, ""range_m"": 0.255, ""accepted"": 5}"
696,1790497801.3114204,gimbal,"{""timestamp"": 1790497801.3114204, ""type"": ""gimbal"", ""phase"": ""move"", ""target_yaw"": 0, ""target_pitch"": 0, ""actual_yaw"": 78.6, ""actual_pitch"": 5.7, ""ground_yaw"": -161.2, ""ground_pitch"": 0.0, ""delta_yaw"": -90, ""delta_pitch"": 0}"
697,1790497801.8401737,hardware_action,"{""timestamp"": 1790497801.8401737, ""type"": ""hardware_action"", ""name"": ""Gimbal move action"", ""state"": ""action_succeeded"", ""completed"": true, ""succeeded"": true, ""elapsed_sec"": 0.5282474539999384}"
698,1790497802.1904163,gimbal,"{""timestamp"": 1790497802.1904163, ""type"": ""gimbal"", ""phase"": ""move_completed"", ""target_yaw"": 0, ""target_pitch"": 0, ""actual_yaw"": -7.3, ""actual_pitch"": -1.8, ""ground_yaw"": 113.0, ""ground_pitch"": 0.0}"
699,1790497802.4653354,tof_sample,"{""timestamp"": 1790497802.4653354, ""type"": ""tof_sample"", ""gimbal_yaw"": 0, ""range_m"": 0.208, ""accepted"": 5}"
700,1790497802.4656243,scan,"{""timestamp"": 1790497802.4656243, ""type"": ""scan"", ""cell"": [3, 3], ""pose"": [1.803622347171426, 1.8022285343965687, -1.1599999999999966], ""ranges_m"": {""0"": 0.205, ""3"": 2.068, ""2"": 0.82, ""1"": 0.255}, ""scan_headings"": {""0"": 0, ""3"": 0, ""2"": 0, ""1"": 0}}"
701,1790497802.6363463,hardware_action,"{""timestamp"": 1790497802.6363463, ""type"": ""hardware_action"", ""name"": ""Gimbal front position hold"", ""state"": ""action_succeeded"", ""completed"": true, ""succeeded"": true, ""elapsed_sec"": 0.1506477679999989}"
702,1790497802.6363666,gimbal,"{""timestamp"": 1790497802.6363666, ""type"": ""gimbal"", ""phase"": ""front_position_hold"", ""target_yaw"": 0, ""target_pitch"": 0, ""actual_yaw"": -4.3, ""actual_pitch"": -1.0, ""ground_yaw"": 116.6, ""ground_pitch"": 0.5}"
703,1790497805.229732,gimbal,"{""timestamp"": 1790497805.229732, ""type"": ""gimbal"", ""phase"": ""move_completed"", ""target_yaw"": 0, ""target_pitch"": 0, ""actual_yaw"": -5.2, ""actual_pitch"": -8.2, ""ground_yaw"": 24.7, ""ground_pitch"": 0.0}"
704,1790497805.6648767,tof_sample,"{""timestamp"": 1790497805.6648767, ""type"": ""tof_sample"", ""gimbal_yaw"": 0, ""range_m"": 2.06, ""accepted"": 5}"
705,1790497808.6363492,chassis_wheel_stop,"{""timestamp"": 1790497808.6363492, ""type"": ""chassis_wheel_stop"", ""acknowledged"": true}"
706,1790497808.942544,chassis_stationary,"{""timestamp"": 1790497808.942544, ""type"": ""chassis_stationary"", ""yaw"": -90.2, ""position_m"": [1.8286269323662134, 1.1962430824146622]}"
707,1790497808.9425561,move,"{""timestamp"": 1790497808.9425561, ""type"": ""move"", ""from"": [3, 3], ""to"": [3, 2], ""direction"": 3, ""backtrack"": true, ""odometry_delta_m"": [0.019039059040411033, -0.6183774652514882], ""yaw"": -90.2}"
708,1790497808.942671,scan_mode,"{""timestamp"": 1790497808.942671, ""type"": ""scan_mode"", ""mode"": ""gimbal""}"
709,1790497808.9427059,gimbal,"{""timestamp"": 1790497808.9427059, ""type"": ""gimbal"", ""phase"": ""reference_reused"", ""target_yaw"": 0, ""target_pitch"": 0, ""actual_yaw"": -5.6, ""actual_pitch"": -7.9, ""ground_yaw"": 24.0, ""ground_pitch"": 0.0}"
710,1790497809.292901,gimbal,"{""timestamp"": 1790497809.292901, ""type"": ""gimbal"", ""phase"": ""move_completed"", ""target_yaw"": 0, ""target_pitch"": 0, ""actual_yaw"": -5.6, ""actual_pitch"": -7.9, ""ground_yaw"": 24.0, ""ground_pitch"": 0.0}"
711,1790497809.5274522,tof_sample,"{""timestamp"": 1790497809.5274522, ""type"": ""tof_sample"", ""gimbal_yaw"": 0, ""range_m"": 1.42, ""accepted"": 5}"
712,1790497809.5275164,gimbal,"{""timestamp"": 1790497809.5275164, ""type"": ""gimbal"", ""phase"": ""move"", ""target_yaw"": -90, ""target_pitch"": 0, ""actual_yaw"": -5.6, ""actual_pitch"": -7.9, ""ground_yaw"": 24.0, ""ground_pitch"": 0.0, ""delta_yaw"": -90, ""delta_pitch"": 0}"
713,1790497810.038375,hardware_action,"{""timestamp"": 1790497810.038375, ""type"": ""hardware_action"", ""name"": ""Gimbal move action"", ""state"": ""action_succeeded"", ""completed"": true, ""succeeded"": true, ""elapsed_sec"": 0.5101403000003302}"
714,1790497810.3887258,gimbal,"{""timestamp"": 1790497810.3887258, ""type"": ""gimbal"", ""phase"": ""move_completed"", ""target_yaw"": -90, ""target_pitch"": 0, ""actual_yaw"": -93.5, ""actual_pitch"": 0.0, ""ground_yaw"": -62.2, ""ground_pitch"": 0.0}"
715,1790497810.6335552,tof_sample,"{""timestamp"": 1790497810.6335552, ""type"": ""tof_sample"", ""gimbal_yaw"": -90, ""range_m"": 0.817, ""accepted"": 5}"
716,1790497810.6336288,gimbal,"{""timestamp"": 1790497810.6336288, ""type"": ""gimbal"", ""phase"": ""move"", ""target_yaw"": -180, ""target_pitch"": 0, ""actual_yaw"": -93.4, ""actual_pitch"": 0.0, ""ground_yaw"": -62.2, ""ground_pitch"": 0.0, ""delta_yaw"": -90, ""delta_pitch"": 0}"
717,1790497811.2403424,hardware_action,"{""timestamp"": 1790497811.2403424, ""type"": ""hardware_action"", ""name"": ""Gimbal move action"", ""state"": ""action_succeeded"", ""completed"": true, ""succeeded"": true, ""elapsed_sec"": 0.606233082000017}"
718,1790497811.5905821,gimbal,"{""timestamp"": 1790497811.5905821, ""type"": ""gimbal"", ""phase"": ""move_completed"", ""target_yaw"": -180, ""target_pitch"": 0, ""actual_yaw"": -179.8, ""actual_pitch"": 5.8, ""ground_yaw"": -147.9, ""ground_pitch"": 0.0}"
719,1790497811.8352127,tof_sample,"{""timestamp"": 1790497811.8352127, ""type"": ""tof_sample"", ""gimbal_yaw"": -180, ""range_m"": 2.521, ""accepted"": 5}"
720,1790497811.8352804,gimbal,"{""timestamp"": 1790497811.8352804, ""type"": ""gimbal"", ""phase"": ""move"", ""target_yaw"": 0, ""target_pitch"": 0, ""actual_yaw"": -179.8, ""actual_pitch"": 5.8, ""ground_yaw"": -147.9, ""ground_pitch"": 0.0, ""delta_yaw"": 90, ""delta_pitch"": 0}"
721,1790497812.4400072,hardware_action,"{""timestamp"": 1790497812.4400072, ""type"": ""hardware_action"", ""name"": ""Gimbal move action"", ""state"": ""action_succeeded"", ""completed"": true, ""succeeded"": true, ""elapsed_sec"": 0.6042609559999619}"
722,1790497812.4401262,gimbal,"{""timestamp"": 1790497812.4401262, ""type"": ""gimbal"", ""phase"": ""move"", ""target_yaw"": 0, ""target_pitch"": 0, ""actual_yaw"": -87.1, ""actual_pitch"": 0.1, ""ground_yaw"": -57.2, ""ground_pitch"": 0.8, ""delta_yaw"": 90, ""delta_pitch"": 0}"
723,1790497813.0389104,hardware_action,"{""timestamp"": 1790497813.0389104, ""type"": ""hardware_action"", ""name"": ""Gimbal move action"", ""state"": ""action_succeeded"", ""completed"": true, ""succeeded"": true, ""elapsed_sec"": 0.5983340320003663}"
724,1790497813.389376,gimbal,"{""timestamp"": 1790497813.389376, ""type"": ""gimbal"", ""phase"": ""move_completed"", ""target_yaw"": 0, ""target_pitch"": 0, ""actual_yaw"": -8.1, ""actual_pitch"": -8.4, ""ground_yaw"": 23.0, ""ground_pitch"": 0.0}"
725,1790497813.389449,gimbal,"{""timestamp"": 1790497813.389449, ""type"": ""gimbal"", ""phase"": ""move"", ""target_yaw"": 90, ""target_pitch"": 0, ""actual_yaw"": -8.1, ""actual_pitch"": -8.4, ""ground_yaw"": 23.0, ""ground_pitch"": 0.0, ""delta_yaw"": 90, ""delta_pitch"": 0}"
726,1790497813.9410777,hardware_action,"{""timestamp"": 1790497813.9410777, ""type"": ""hardware_action"", ""name"": ""Gimbal move action"", ""state"": ""action_succeeded"", ""completed"": true, ""succeeded"": true, ""elapsed_sec"": 0.5511953899999753}"
727,1790497814.29132,gimbal,"{""timestamp"": 1790497814.29132, ""type"": ""gimbal"", ""phase"": ""move_completed"", ""target_yaw"": 90, ""target_pitch"": 0, ""actual_yaw"": 77.6, ""actual_pitch"": -2.6, ""ground_yaw"": 108.6, ""ground_pitch"": 0.0}"
728,1790497814.7418892,tof_sample,"{""timestamp"": 1790497814.7418892, ""type"": ""tof_sample"", ""gimbal_yaw"": 90, ""range_m"": 0.855, ""accepted"": 5}"
729,1790497814.741934,gimbal,"{""timestamp"": 1790497814.741934, ""type"": ""gimbal"", ""phase"": ""move"", ""target_yaw"": 0, ""target_pitch"": 0, ""actual_yaw"": 77.6, ""actual_pitch"": -2.6, ""ground_yaw"": 108.6, ""ground_pitch"": 0.0, ""delta_yaw"": -90, ""delta_pitch"": 0}"
730,1790497815.339995,hardware_action,"{""timestamp"": 1790497815.339995, ""type"": ""hardware_action"", ""name"": ""Gimbal move action"", ""state"": ""action_succeeded"", ""completed"": true, ""succeeded"": true, ""elapsed_sec"": 0.5977106469999853}"
731,1790497815.690225,gimbal,"{""timestamp"": 1790497815.690225, ""type"": ""gimbal"", ""phase"": ""move_completed"", ""target_yaw"": 0, ""target_pitch"": 0, ""actual_yaw"": -8.7, ""actual_pitch"": -8.1, ""ground_yaw"": 22.9, ""ground_pitch"": 0.0}"
732,1790497816.1996403,tof_sample,"{""timestamp"": 1790497816.1996403, ""type"": ""tof_sample"", ""gimbal_yaw"": 0, ""range_m"": 1.428, ""accepted"": 5}"
733,1790497816.1998498,range_mismatch,"{""timestamp"": 1790497816.1998498, ""type"": ""range_mismatch"", ""direction"": ""E"", ""residual_m"": 1.6423510691450804}"
734,1790497816.2001507,scan,"{""timestamp"": 1790497816.2001507, ""type"": ""scan"", ""cell"": [3, 2], ""pose"": [1.785208625384462, 1.1623354785509765, -89.88], ""ranges_m"": {""3"": 1.42, ""2"": 0.817, ""1"": 2.521, ""0"": 0.855}, ""scan_headings"": {""3"": 3, ""2"": 3, ""1"": 3, ""0"": 3}}"
735,1790497816.3782594,hardware_action,"{""timestamp"": 1790497816.3782594, ""type"": ""hardware_action"", ""name"": ""Gimbal front position hold"", ""state"": ""action_succeeded"", ""completed"": true, ""succeeded"": true, ""elapsed_sec"": 0.15621530400039774}"
736,1790497816.3782783,gimbal,"{""timestamp"": 1790497816.3782783, ""type"": ""gimbal"", ""phase"": ""front_position_hold"", ""target_yaw"": 0, ""target_pitch"": 0, ""actual_yaw"": -8.7, ""actual_pitch"": -8.0, ""ground_yaw"": 22.9, ""ground_pitch"": 0.0}"
737,1790497816.730746,gimbal,"{""timestamp"": 1790497816.730746, ""type"": ""gimbal"", ""phase"": ""move_completed"", ""target_yaw"": 0, ""target_pitch"": 0, ""actual_yaw"": -5.5, ""actual_pitch"": -8.1, ""ground_yaw"": 26.1, ""ground_pitch"": 0.0}"
738,1790497817.106418,tof_sample,"{""timestamp"": 1790497817.106418, ""type"": ""tof_sample"", ""gimbal_yaw"": 0, ""range_m"": 1.417, ""accepted"": 5}"
739,1790497820.2388542,chassis_wheel_stop,"{""timestamp"": 1790497820.2388542, ""type"": ""chassis_wheel_stop"", ""acknowledged"": true}"
740,1790497820.542443,chassis_stationary,"{""timestamp"": 1790497820.542443, ""type"": ""chassis_stationary"", ""yaw"": -90.54, ""position_m"": [1.8252871393920012, 0.5677612724289717]}"
741,1790497820.5424523,move,"{""timestamp"": 1790497820.5424523, ""type"": ""move"", ""from"": [3, 2], ""to"": [3, 1], ""direction"": 3, ""backtrack"": true, ""odometry_delta_m"": [-0.004214735478133003, -0.61001256594012], ""yaw"": -90.54}"
742,1790497820.542551,scan_mode,"{""timestamp"": 1790497820.542551, ""type"": ""scan_mode"", ""mode"": ""gimbal""}"
743,1790497820.5425813,gimbal,"{""timestamp"": 1790497820.5425813, ""type"": ""gimbal"", ""phase"": ""reference_reused"", ""target_yaw"": 0, ""target_pitch"": 0, ""actual_yaw"": -5.5, ""actual_pitch"": -8.0, ""ground_yaw"": 25.4, ""ground_pitch"": 0.0}"
744,1790497820.8927286,gimbal,"{""timestamp"": 1790497820.8927286, ""type"": ""gimbal"", ""phase"": ""move_completed"", ""target_yaw"": 0, ""target_pitch"": 0, ""actual_yaw"": -5.6, ""actual_pitch"": -8.0, ""ground_yaw"": 25.4, ""ground_pitch"": 0.0}"
745,1790497821.166095,tof_sample,"{""timestamp"": 1790497821.166095, ""type"": ""tof_sample"", ""gimbal_yaw"": 0, ""range_m"": 0.777, ""accepted"": 5}"
746,1790497821.1661503,gimbal,"{""timestamp"": 1790497821.1661503, ""type"": ""gimbal"", ""phase"": ""move"", ""target_yaw"": -90, ""target_pitch"": 0, ""actual_yaw"": -5.6, ""actual_pitch"": -8.0, ""ground_yaw"": 25.4, ""ground_pitch"": 0.0, ""delta_yaw"": -90, ""delta_pitch"": 0}"
747,1790497821.7402594,hardware_action,"{""timestamp"": 1790497821.7402594, ""type"": ""hardware_action"", ""name"": ""Gimbal move action"", ""state"": ""action_succeeded"", ""completed"": true, ""succeeded"": true, ""elapsed_sec"": 0.573732616000143}"
748,1790497822.0905015,gimbal,"{""timestamp"": 1790497822.0905015, ""type"": ""gimbal"", ""phase"": ""move_completed"", ""target_yaw"": -90, ""target_pitch"": 0, ""actual_yaw"": -93.0, ""actual_pitch"": 0.0, ""ground_yaw"": -60.7, ""ground_pitch"": 0.0}"
749,1790497822.4671216,tof_sample,"{""timestamp"": 1790497822.4671216, ""type"": ""tof_sample"", ""gimbal_yaw"": -90, ""range_m"": 0.174, ""accepted"": 5}"
750,1790497822.4671938,gimbal,"{""timestamp"": 1790497822.4671938, ""type"": ""gimbal"", ""phase"": ""move"", ""target_yaw"": -180, ""target_pitch"": 0, ""actual_yaw"": -93.0, ""actual_pitch"": 0.0, ""ground_yaw"": -60.7, ""ground_pitch"": 0.0, ""delta_yaw"": -90, ""delta_pitch"": 0}"
751,1790497823.0403461,hardware_action,"{""timestamp"": 1790497823.0403461, ""type"": ""hardware_action"", ""name"": ""Gimbal move action"", ""state"": ""action_succeeded"", ""completed"": true, ""succeeded"": true, ""elapsed_sec"": 0.5726824309999756}"
752,1790497823.3906143,gimbal,"{""timestamp"": 1790497823.3906143, ""type"": ""gimbal"", ""phase"": ""move_completed"", ""target_yaw"": -180, ""target_pitch"": 0, ""actual_yaw"": -179.2, ""actual_pitch"": 5.9, ""ground_yaw"": -146.3, ""ground_pitch"": 0.0}"
753,1790497823.6661315,tof_sample,"{""timestamp"": 1790497823.6661315, ""type"": ""tof_sample"", ""gimbal_yaw"": -180, ""range_m"": 3.073, ""accepted"": 5}"
754,1790497823.6662037,gimbal,"{""timestamp"": 1790497823.6662037, ""type"": ""gimbal"", ""phase"": ""move"", ""target_yaw"": 0, ""target_pitch"": 0, ""actual_yaw"": -179.2, ""actual_pitch"": 5.9, ""ground_yaw"": -146.3, ""ground_pitch"": 0.0, ""delta_yaw"": 90, ""delta_pitch"": 0}"
755,1790497824.2409985,hardware_action,"{""timestamp"": 1790497824.2409985, ""type"": ""hardware_action"", ""name"": ""Gimbal move action"", ""state"": ""action_succeeded"", ""completed"": true, ""succeeded"": true, ""elapsed_sec"": 0.5742952939999668}"
756,1790497824.2411199,gimbal,"{""timestamp"": 1790497824.2411199, ""type"": ""gimbal"", ""phase"": ""move"", ""target_yaw"": 0, ""target_pitch"": 0, ""actual_yaw"": -90.4, ""actual_pitch"": 0.0, ""ground_yaw"": -58.5, ""ground_pitch"": -0.2, ""delta_yaw"": 90, ""delta_pitch"": 0}"
757,1790497824.8408453,hardware_action,"{""timestamp"": 1790497824.8408453, ""type"": ""hardware_action"", ""name"": ""Gimbal move action"", ""state"": ""action_succeeded"", ""completed"": true, ""succeeded"": true, ""elapsed_sec"": 0.5992211889997634}"
758,1790497825.1910558,gimbal,"{""timestamp"": 1790497825.1910558, ""type"": ""gimbal"", ""phase"": ""move_completed"", ""target_yaw"": 0, ""target_pitch"": 0, ""actual_yaw"": -7.9, ""actual_pitch"": -8.5, ""ground_yaw"": 24.2, ""ground_pitch"": 0.0}"
759,1790497825.1911016,gimbal,"{""timestamp"": 1790497825.1911016, ""type"": ""gimbal"", ""phase"": ""move"", ""target_yaw"": 90, ""target_pitch"": 0, ""actual_yaw"": -7.9, ""actual_pitch"": -8.5, ""ground_yaw"": 24.2, ""ground_pitch"": 0.0, ""delta_yaw"": 90, ""delta_pitch"": 0}"
760,1790497825.7409952,hardware_action,"{""timestamp"": 1790497825.7409952, ""type"": ""hardware_action"", ""name"": ""Gimbal move action"", ""state"": ""action_succeeded"", ""completed"": true, ""succeeded"": true, ""elapsed_sec"": 0.5495871919997626}"
761,1790497826.091213,gimbal,"{""timestamp"": 1790497826.091213, ""type"": ""gimbal"", ""phase"": ""move_completed"", ""target_yaw"": 90, ""target_pitch"": 0, ""actual_yaw"": 78.1, ""actual_pitch"": -2.7, ""ground_yaw"": 110.1, ""ground_pitch"": 0.0}"
762,1790497826.4275165,tof_sample,"{""timestamp"": 1790497826.4275165, ""type"": ""tof_sample"", ""gimbal_yaw"": 90, ""range_m"": 0.184, ""accepted"": 5}"
763,1790497826.427586,gimbal,"{""timestamp"": 1790497826.427586, ""type"": ""gimbal"", ""phase"": ""move"", ""target_yaw"": 0, ""target_pitch"": 0, ""actual_yaw"": 78.1, ""actual_pitch"": -2.7, ""ground_yaw"": 110.1, ""ground_pitch"": 0.0, ""delta_yaw"": -90, ""delta_pitch"": 0}"
764,1790497826.9407763,hardware_action,"{""timestamp"": 1790497826.9407763, ""type"": ""hardware_action"", ""name"": ""Gimbal move action"", ""state"": ""action_succeeded"", ""completed"": true, ""succeeded"": true, ""elapsed_sec"": 0.5126947199996721}"
765,1790497827.2910118,gimbal,"{""timestamp"": 1790497827.2910118, ""type"": ""gimbal"", ""phase"": ""move_completed"", ""target_yaw"": 0, ""target_pitch"": 0, ""actual_yaw"": -8.5, ""actual_pitch"": -8.2, ""ground_yaw"": 24.1, ""ground_pitch"": 0.0}"
766,1790497827.627404,tof_sample,"{""timestamp"": 1790497827.627404, ""type"": ""tof_sample"", ""gimbal_yaw"": 0, ""range_m"": 0.781, ""accepted"": 5}"
767,1790497827.6275868,range_mismatch,"{""timestamp"": 1790497827.6275868, ""type"": ""range_mismatch"", ""direction"": ""E"", ""residual_m"": 1.5628229126108564}"
768,1790497827.627716,scan,"{""timestamp"": 1790497827.627716, ""type"": ""scan"", ""cell"": [3, 1], ""pose"": [1.7935850956605195, 0.5210026952233094, -90.53], ""ranges_m"": {""3"": 0.777, ""2"": 0.174, ""1"": 3.073, ""0"": 0.184}, ""scan_headings"": {""3"": 3, ""2"": 3, ""1"": 3, ""0"": 3}}"
769,1790497827.7398553,hardware_action,"{""timestamp"": 1790497827.7398553, ""type"": ""hardware_action"", ""name"": ""Gimbal front position hold"", ""state"": ""action_succeeded"", ""completed"": true, ""succeeded"": true, ""elapsed_sec"": 0.09518631299988556}"
770,1790497827.7398753,gimbal,"{""timestamp"": 1790497827.7398753, ""type"": ""gimbal"", ""phase"": ""front_position_hold"", ""target_yaw"": 0, ""target_pitch"": 0, ""actual_yaw"": -4.7, ""actual_pitch"": -8.2, ""ground_yaw"": 28.4, ""ground_pitch"": 0.0}"
771,1790497828.0903869,gimbal,"{""timestamp"": 1790497828.0903869, ""type"": ""gimbal"", ""phase"": ""move_completed"", ""target_yaw"": 0, ""target_pitch"": 0, ""actual_yaw"": -5.4, ""actual_pitch"": -8.2, ""ground_yaw"": 27.3, ""ground_pitch"": 0.0}"
772,1790497828.3336878,tof_sample,"{""timestamp"": 1790497828.3336878, ""type"": ""tof_sample"", ""gimbal_yaw"": 0, ""range_m"": 0.777, ""accepted"": 5}"
773,1790497831.0601888,chassis_wheel_stop,"{""timestamp"": 1790497831.0601888, ""type"": ""chassis_wheel_stop"", ""acknowledged"": true}"
774,1790497831.3639154,chassis_stationary,"{""timestamp"": 1790497831.3639154, ""type"": ""chassis_stationary"", ""yaw"": -90.51, ""position_m"": [1.834844963836047, -0.024854230736357952]}"
775,1790497831.363929,move,"{""timestamp"": 1790497831.363929, ""type"": ""move"", ""from"": [3, 1], ""to"": [3, 0], ""direction"": 3, ""backtrack"": true, ""odometry_delta_m"": [0.005989595241354229, -0.5877733610404989], ""yaw"": -90.51}"
776,1790497831.364049,scan_mode,"{""timestamp"": 1790497831.364049, ""type"": ""scan_mode"", ""mode"": ""gimbal""}"
777,1790497831.3640857,gimbal,"{""timestamp"": 1790497831.3640857, ""type"": ""gimbal"", ""phase"": ""reference_reused"", ""target_yaw"": 0, ""target_pitch"": 0, ""actual_yaw"": -5.6, ""actual_pitch"": -8.3, ""ground_yaw"": 27.2, ""ground_pitch"": 0.0}"
778,1790497831.7143285,gimbal,"{""timestamp"": 1790497831.7143285, ""type"": ""gimbal"", ""phase"": ""move_completed"", ""target_yaw"": 0, ""target_pitch"": 0, ""actual_yaw"": -5.5, ""actual_pitch"": -8.2, ""ground_yaw"": 27.2, ""ground_pitch"": 0.0}"
779,1790497831.9874697,tof_sample,"{""timestamp"": 1790497831.9874697, ""type"": ""tof_sample"", ""gimbal_yaw"": 0, ""range_m"": 0.138, ""accepted"": 5}"
780,1790497831.9875178,gimbal,"{""timestamp"": 1790497831.9875178, ""type"": ""gimbal"", ""phase"": ""move"", ""target_yaw"": -90, ""target_pitch"": 0, ""actual_yaw"": -5.5, ""actual_pitch"": -8.3, ""ground_yaw"": 27.2, ""ground_pitch"": 0.0, ""delta_yaw"": -90, ""delta_pitch"": 0}"
781,1790497832.5397675,hardware_action,"{""timestamp"": 1790497832.5397675, ""type"": ""hardware_action"", ""name"": ""Gimbal move action"", ""state"": ""action_succeeded"", ""completed"": true, ""succeeded"": true, ""elapsed_sec"": 0.5518688389997806}"
782,1790497832.890023,gimbal,"{""timestamp"": 1790497832.890023, ""type"": ""gimbal"", ""phase"": ""move_completed"", ""target_yaw"": -90, ""target_pitch"": 0, ""actual_yaw"": -92.9, ""actual_pitch"": 0.0, ""ground_yaw"": -59.0, ""ground_pitch"": 0.0}"
783,1790497833.1447961,tof_sample,"{""timestamp"": 1790497833.1447961, ""type"": ""tof_sample"", ""gimbal_yaw"": -90, ""range_m"": 2.379, ""accepted"": 5}"
784,1790497833.1448863,gimbal,"{""timestamp"": 1790497833.1448863, ""type"": ""gimbal"", ""phase"": ""move"", ""target_yaw"": -180, ""target_pitch"": 0, ""actual_yaw"": -92.8, ""actual_pitch"": 0.0, ""ground_yaw"": -59.0, ""ground_pitch"": 0.0, ""delta_yaw"": -90, ""delta_pitch"": 0}"
785,1790497833.7415957,hardware_action,"{""timestamp"": 1790497833.7415957, ""type"": ""hardware_action"", ""name"": ""Gimbal move action"", ""state"": ""action_succeeded"", ""completed"": true, ""succeeded"": true, ""elapsed_sec"": 0.5962684539999827}"
786,1790497834.0918555,gimbal,"{""timestamp"": 1790497834.0918555, ""type"": ""gimbal"", ""phase"": ""move_completed"", ""target_yaw"": -180, ""target_pitch"": 0, ""actual_yaw"": -179.1, ""actual_pitch"": 6.2, ""ground_yaw"": -144.5, ""ground_pitch"": 0.0}"
787,1790497834.3459556,tof_sample,"{""timestamp"": 1790497834.3459556, ""type"": ""tof_sample"", ""gimbal_yaw"": -180, ""range_m"": 3.04, ""accepted"": 5}"
788,1790497834.3459969,gimbal,"{""timestamp"": 1790497834.3459969, ""type"": ""gimbal"", ""phase"": ""move"", ""target_yaw"": 0, ""target_pitch"": 0, ""actual_yaw"": -179.1, ""actual_pitch"": 6.2, ""ground_yaw"": -144.6, ""ground_pitch"": 0.0, ""delta_yaw"": 90, ""delta_pitch"": 0}"
789,1790497834.9402158,hardware_action,"{""timestamp"": 1790497834.9402158, ""type"": ""hardware_action"", ""name"": ""Gimbal move action"", ""state"": ""action_succeeded"", ""completed"": true, ""succeeded"": true, ""elapsed_sec"": 0.593912975999956}"
790,1790497834.940317,gimbal,"{""timestamp"": 1790497834.940317, ""type"": ""gimbal"", ""phase"": ""move"", ""target_yaw"": 0, ""target_pitch"": 0, ""actual_yaw"": -102.7, ""actual_pitch"": 0.8, ""ground_yaw"": -67.1, ""ground_pitch"": -0.3, ""delta_yaw"": 90, ""delta_pitch"": 0}"
791,1790497835.5409684,hardware_action,"{""timestamp"": 1790497835.5409684, ""type"": ""hardware_action"", ""name"": ""Gimbal move action"", ""state"": ""action_succeeded"", ""completed"": true, ""succeeded"": true, ""elapsed_sec"": 0.6002740600001744}"
792,1790497835.8911724,gimbal,"{""timestamp"": 1790497835.8911724, ""type"": ""gimbal"", ""phase"": ""move_completed"", ""target_yaw"": 0, ""target_pitch"": 0, ""actual_yaw"": -7.9, ""actual_pitch"": -8.9, ""ground_yaw"": 25.7, ""ground_pitch"": 0.0}"
793,1790497835.8912416,gimbal,"{""timestamp"": 1790497835.8912416, ""type"": ""gimbal"", ""phase"": ""move"", ""target_yaw"": 90, ""target_pitch"": 0, ""actual_yaw"": -7.9, ""actual_pitch"": -8.9, ""ground_yaw"": 25.7, ""ground_pitch"": 0.0, ""delta_yaw"": 90, ""delta_pitch"": 0}"
794,1790497836.4390044,hardware_action,"{""timestamp"": 1790497836.4390044, ""type"": ""hardware_action"", ""name"": ""Gimbal move action"", ""state"": ""action_succeeded"", ""completed"": true, ""succeeded"": true, ""elapsed_sec"": 0.5473341609999807}"
795,1790497836.7891917,gimbal,"{""timestamp"": 1790497836.7891917, ""type"": ""gimbal"", ""phase"": ""move_completed"", ""target_yaw"": 90, ""target_pitch"": 0, ""actual_yaw"": 77.9, ""actual_pitch"": -2.7, ""ground_yaw"": 111.5, ""ground_pitch"": 0.0}"
796,1790497837.0537317,tof_sample,"{""timestamp"": 1790497837.0537317, ""type"": ""tof_sample"", ""gimbal_yaw"": 90, ""range_m"": 0.856, ""accepted"": 5}"
797,1790497837.0537996,gimbal,"{""timestamp"": 1790497837.0537996, ""type"": ""gimbal"", ""phase"": ""move"", ""target_yaw"": 0, ""target_pitch"": 0, ""actual_yaw"": 77.9, ""actual_pitch"": -2.8, ""ground_yaw"": 111.5, ""ground_pitch"": 0.0, ""delta_yaw"": -90, ""delta_pitch"": 0}"
798,1790497837.6396687,hardware_action,"{""timestamp"": 1790497837.6396687, ""type"": ""hardware_action"", ""name"": ""Gimbal move action"", ""state"": ""action_succeeded"", ""completed"": true, ""succeeded"": true, ""elapsed_sec"": 0.5852240260001054}"
799,1790497837.99002,gimbal,"{""timestamp"": 1790497837.99002, ""type"": ""gimbal"", ""phase"": ""move_completed"", ""target_yaw"": 0, ""target_pitch"": 0, ""actual_yaw"": -8.3, ""actual_pitch"": -8.6, ""ground_yaw"": 25.8, ""ground_pitch"": 0.0}"
800,1790497838.2544897,tof_sample,"{""timestamp"": 1790497838.2544897, ""type"": ""tof_sample"", ""gimbal_yaw"": 0, ""range_m"": 0.143, ""accepted"": 5}"
801,1790497838.254624,range_mismatch,"{""timestamp"": 1790497838.254624, ""type"": ""range_mismatch"", ""direction"": ""S"", ""residual_m"": 0.3169253090981261}"
802,1790497838.2546482,range_mismatch,"{""timestamp"": 1790497838.2546482, ""type"": ""range_mismatch"", ""direction"": ""E"", ""residual_m"": 0.9107293341828107}"
803,1790497838.2547593,scan,"{""timestamp"": 1790497838.2547593, ""type"": ""scan"", ""cell"": [3, 0], ""pose"": [1.8052291821032553, -0.11459461411895672, -90.68], ""ranges_m"": {""3"": 0.138, ""2"": 2.379, ""1"": 3.04, ""0"": 0.856}, ""scan_headings"": {""3"": 3, ""2"": 3, ""1"": 3, ""0"": 3}}"
804,1790497838.339733,hardware_action,"{""timestamp"": 1790497838.339733, ""type"": ""hardware_action"", ""name"": ""Gimbal front position hold"", ""state"": ""action_succeeded"", ""completed"": true, ""succeeded"": true, ""elapsed_sec"": 0.0698119889998452}"
805,1790497838.3397558,gimbal,"{""timestamp"": 1790497838.3397558, ""type"": ""gimbal"", ""phase"": ""front_position_hold"", ""target_yaw"": 0, ""target_pitch"": 0, ""actual_yaw"": -8.3, ""actual_pitch"": -8.6, ""ground_yaw"": 25.8, ""ground_pitch"": 0.0}"
806,1790497840.947955,gimbal,"{""timestamp"": 1790497840.947955, ""type"": ""gimbal"", ""phase"": ""move_completed"", ""target_yaw"": 0, ""target_pitch"": 0, ""actual_yaw"": -5.3, ""actual_pitch"": 0.7, ""ground_yaw"": -62.0, ""ground_pitch"": 0.0}"
807,1790497841.1626933,tof_sample,"{""timestamp"": 1790497841.1626933, ""type"": ""tof_sample"", ""gimbal_yaw"": 0, ""range_m"": 2.396, ""accepted"": 5}"
808,1790497844.098542,chassis_wheel_stop,"{""timestamp"": 1790497844.098542, ""type"": ""chassis_wheel_stop"", ""acknowledged"": true}"
809,1790497844.402998,chassis_stationary,"{""timestamp"": 1790497844.402998, ""type"": ""chassis_stationary"", ""yaw"": 179.53999999999996, ""position_m"": [1.2109381128217258, 0.048624189615429136]}"
810,1790497844.40301,move,"{""timestamp"": 1790497844.40301, ""type"": ""move"", ""from"": [3, 0], ""to"": [2, 0], ""direction"": 2, ""backtrack"": true, ""odometry_delta_m"": [-0.6273255993701925, 0.07461449239141504], ""yaw"": 179.53999999999996}"
811,1790497844.403118,scan_mode,"{""timestamp"": 1790497844.403118, ""type"": ""scan_mode"", ""mode"": ""gimbal""}"
812,1790497844.403149,gimbal,"{""timestamp"": 1790497844.403149, ""type"": ""gimbal"", ""phase"": ""reference_reused"", ""target_yaw"": 0, ""target_pitch"": 0, ""actual_yaw"": -5.4, ""actual_pitch"": 0.2, ""ground_yaw"": -62.8, ""ground_pitch"": 0.0}"
813,1790497844.7533436,gimbal,"{""timestamp"": 1790497844.7533436, ""type"": ""gimbal"", ""phase"": ""move_completed"", ""target_yaw"": 0, ""target_pitch"": 0, ""actual_yaw"": -5.4, ""actual_pitch"": 0.1, ""ground_yaw"": -62.8, ""ground_pitch"": 0.0}"
814,1790497845.0280044,tof_sample,"{""timestamp"": 1790497845.0280044, ""type"": ""tof_sample"", ""gimbal_yaw"": 0, ""range_m"": 1.615, ""accepted"": 5}"
815,1790497845.028064,gimbal,"{""timestamp"": 1790497845.028064, ""type"": ""gimbal"", ""phase"": ""move"", ""target_yaw"": -90, ""target_pitch"": 0, ""actual_yaw"": -5.4, ""actual_pitch"": 0.1, ""ground_yaw"": -62.8, ""ground_pitch"": 0.0, ""delta_yaw"": -90, ""delta_pitch"": 0}"
816,1790497845.5404298,hardware_action,"{""timestamp"": 1790497845.5404298, ""type"": ""hardware_action"", ""name"": ""Gimbal move action"", ""state"": ""action_succeeded"", ""completed"": true, ""succeeded"": true, ""elapsed_sec"": 0.5119421809999949}"
817,1790497845.8907773,gimbal,"{""timestamp"": 1790497845.8907773, ""type"": ""gimbal"", ""phase"": ""move_completed"", ""target_yaw"": -90, ""target_pitch"": 0, ""actual_yaw"": -93.3, ""actual_pitch"": 7.0, ""ground_yaw"": -149.0, ""ground_pitch"": 0.0}"
818,1790497846.1862178,tof_sample,"{""timestamp"": 1790497846.1862178, ""type"": ""tof_sample"", ""gimbal_yaw"": -90, ""range_m"": 0.212, ""accepted"": 5}"
819,1790497846.1862886,gimbal,"{""timestamp"": 1790497846.1862886, ""type"": ""gimbal"", ""phase"": ""move"", ""target_yaw"": -180, ""target_pitch"": 0, ""actual_yaw"": -93.1, ""actual_pitch"": 7.0, ""ground_yaw"": -149.0, ""ground_pitch"": 0.0, ""delta_yaw"": -90, ""delta_pitch"": 0}"
820,1790497846.739372,hardware_action,"{""timestamp"": 1790497846.739372, ""type"": ""hardware_action"", ""name"": ""Gimbal move action"", ""state"": ""action_succeeded"", ""completed"": true, ""succeeded"": true, ""elapsed_sec"": 0.5526397529997666}"
821,1790497847.0896192,gimbal,"{""timestamp"": 1790497847.0896192, ""type"": ""gimbal"", ""phase"": ""move_completed"", ""target_yaw"": -180, ""target_pitch"": 0, ""actual_yaw"": -179.5, ""actual_pitch"": -0.5, ""ground_yaw"": 125.1, ""ground_pitch"": 0.0}"
822,1790497847.3346713,tof_sample,"{""timestamp"": 1790497847.3346713, ""type"": ""tof_sample"", ""gimbal_yaw"": -180, ""range_m"": 1.698, ""accepted"": 5}"
823,1790497847.3347468,gimbal,"{""timestamp"": 1790497847.3347468, ""type"": ""gimbal"", ""phase"": ""move"", ""target_yaw"": 0, ""target_pitch"": 0, ""actual_yaw"": -179.4, ""actual_pitch"": -0.6, ""ground_yaw"": 125.1, ""ground_pitch"": 0.0, ""delta_yaw"": 90, ""delta_pitch"": 0}"
824,1790497847.9406638,hardware_action,"{""timestamp"": 1790497847.9406638, ""type"": ""hardware_action"", ""name"": ""Gimbal move action"", ""state"": ""action_succeeded"", ""completed"": true, ""succeeded"": true, ""elapsed_sec"": 0.6053749929997139}"
825,1790497847.940768,gimbal,"{""timestamp"": 1790497847.940768, ""type"": ""gimbal"", ""phase"": ""move"", ""target_yaw"": 0, ""target_pitch"": 0, ""actual_yaw"": -85.9, ""actual_pitch"": 6.8, ""ground_yaw"": -143.9, ""ground_pitch"": 0.0, ""delta_yaw"": 90, ""delta_pitch"": 0}"
826,1790497848.539017,hardware_action,"{""timestamp"": 1790497848.539017, ""type"": ""hardware_action"", ""name"": ""Gimbal move action"", ""state"": ""action_succeeded"", ""completed"": true, ""succeeded"": true, ""elapsed_sec"": 0.5978583000000981}"
827,1790497848.8892555,gimbal,"{""timestamp"": 1790497848.8892555, ""type"": ""gimbal"", ""phase"": ""move_completed"", ""target_yaw"": 0, ""target_pitch"": 0, ""actual_yaw"": -7.3, ""actual_pitch"": 0.8, ""ground_yaw"": -63.9, ""ground_pitch"": 0.0}"
828,1790497848.8893218,gimbal,"{""timestamp"": 1790497848.8893218, ""type"": ""gimbal"", ""phase"": ""move"", ""target_yaw"": 90, ""target_pitch"": 0, ""actual_yaw"": -7.3, ""actual_pitch"": 0.8, ""ground_yaw"": -63.9, ""ground_pitch"": 0.0, ""delta_yaw"": 90, ""delta_pitch"": 0}"
829,1790497849.4408526,hardware_action,"{""timestamp"": 1790497849.4408526, ""type"": ""hardware_action"", ""name"": ""Gimbal move action"", ""state"": ""action_succeeded"", ""completed"": true, ""succeeded"": true, ""elapsed_sec"": 0.5511030239999855}"
830,1790497849.791143,gimbal,"{""timestamp"": 1790497849.791143, ""type"": ""gimbal"", ""phase"": ""move_completed"", ""target_yaw"": 90, ""target_pitch"": 0, ""actual_yaw"": 78.1, ""actual_pitch"": -10.0, ""ground_yaw"": 21.7, ""ground_pitch"": 0.0}"
831,1790497850.249656,tof_sample,"{""timestamp"": 1790497850.249656, ""type"": ""tof_sample"", ""gimbal_yaw"": 90, ""range_m"": 0.208, ""accepted"": 5}"
832,1790497850.249718,gimbal,"{""timestamp"": 1790497850.249718, ""type"": ""gimbal"", ""phase"": ""move"", ""target_yaw"": 0, ""target_pitch"": 0, ""actual_yaw"": 78.1, ""actual_pitch"": -10.0, ""ground_yaw"": 21.7, ""ground_pitch"": 0.0, ""delta_yaw"": -90, ""delta_pitch"": 0}"
833,1790497850.8405223,hardware_action,"{""timestamp"": 1790497850.8405223, ""type"": ""hardware_action"", ""name"": ""Gimbal move action"", ""state"": ""action_succeeded"", ""completed"": true, ""succeeded"": true, ""elapsed_sec"": 0.5903988700001719}"
834,1790497851.1908092,gimbal,"{""timestamp"": 1790497851.1908092, ""type"": ""gimbal"", ""phase"": ""move_completed"", ""target_yaw"": 0, ""target_pitch"": 0, ""actual_yaw"": -8.2, ""actual_pitch"": 0.9, ""ground_yaw"": -64.5, ""ground_pitch"": 0.0}"
835,1790497851.4457712,tof_sample,"{""timestamp"": 1790497851.4457712, ""type"": ""tof_sample"", ""gimbal_yaw"": 0, ""range_m"": 1.616, ""accepted"": 5}"
836,1790497851.4459195,range_mismatch,"{""timestamp"": 1790497851.4459195, ""type"": ""range_mismatch"", ""direction"": ""S"", ""residual_m"": 0.1745964172669372}"
837,1790497851.445958,range_mismatch,"{""timestamp"": 1790497851.445958, ""type"": ""range_mismatch"", ""direction"": ""N"", ""residual_m"": 0.21340358273306315}"
838,1790497851.4460413,scan,"{""timestamp"": 1790497851.4460413, ""type"": ""scan"", ""cell"": [2, 0], ""pose"": [1.1779035827330628, -0.0055639218363145795, 179.02999999999997], ""ranges_m"": {""2"": 1.615, ""1"": 0.212, ""0"": 1.698, ""3"": 0.208}, ""scan_headings"": {""2"": 2, ""1"": 2, ""0"": 2, ""3"": 2}}"
839,1790497851.5417078,hardware_action,"{""timestamp"": 1790497851.5417078, ""type"": ""hardware_action"", ""name"": ""Gimbal front position hold"", ""state"": ""action_succeeded"", ""completed"": true, ""succeeded"": true, ""elapsed_sec"": 0.08188229799998226}"
840,1790497851.5417252,gimbal,"{""timestamp"": 1790497851.5417252, ""type"": ""gimbal"", ""phase"": ""front_position_hold"", ""target_yaw"": 0, ""target_pitch"": 0, ""actual_yaw"": -8.2, ""actual_pitch"": 0.8, ""ground_yaw"": -64.5, ""ground_pitch"": 0.0}"
841,1790497851.8926091,gimbal,"{""timestamp"": 1790497851.8926091, ""type"": ""gimbal"", ""phase"": ""move_completed"", ""target_yaw"": 0, ""target_pitch"": 0, ""actual_yaw"": -5.3, ""actual_pitch"": 0.3, ""ground_yaw"": -61.5, ""ground_pitch"": 0.0}"
842,1790497852.1561453,tof_sample,"{""timestamp"": 1790497852.1561453, ""type"": ""tof_sample"", ""gimbal_yaw"": 0, ""range_m"": 1.622, ""accepted"": 5}"
843,1790497855.3389752,chassis_wheel_stop,"{""timestamp"": 1790497855.3389752, ""type"": ""chassis_wheel_stop"", ""acknowledged"": true}"
844,1790497855.6449943,chassis_stationary,"{""timestamp"": 1790497855.6449943, ""type"": ""chassis_stationary"", ""yaw"": 179.57999999999998, ""position_m"": [0.5885968614667739, 0.08455049421182105]}"
845,1790497855.645007,move,"{""timestamp"": 1790497855.645007, ""type"": ""move"", ""from"": [2, 0], ""to"": [1, 0], ""direction"": 2, ""backtrack"": true, ""odometry_delta_m"": [-0.618610585034001, 0.03659722098590808], ""yaw"": 179.57999999999998}"
846,1790497855.6451194,scan_mode,"{""timestamp"": 1790497855.6451194, ""type"": ""scan_mode"", ""mode"": ""gimbal""}"
847,1790497855.6451526,gimbal,"{""timestamp"": 1790497855.6451526, ""type"": ""gimbal"", ""phase"": ""reference_reused"", ""target_yaw"": 0, ""target_pitch"": 0, ""actual_yaw"": -5.5, ""actual_pitch"": 0.1, ""ground_yaw"": -61.1, ""ground_pitch"": 0.0}"
848,1790497855.9952967,gimbal,"{""timestamp"": 1790497855.9952967, ""type"": ""gimbal"", ""phase"": ""move_completed"", ""target_yaw"": 0, ""target_pitch"": 0, ""actual_yaw"": -5.5, ""actual_pitch"": 0.1, ""ground_yaw"": -61.1, ""ground_pitch"": 0.0}"
849,1790497856.2606936,tof_sample,"{""timestamp"": 1790497856.2606936, ""type"": ""tof_sample"", ""gimbal_yaw"": 0, ""range_m"": 0.883, ""accepted"": 5}"
850,1790497856.2607472,gimbal,"{""timestamp"": 1790497856.2607472, ""type"": ""gimbal"", ""phase"": ""move"", ""target_yaw"": -90, ""target_pitch"": 0, ""actual_yaw"": -5.5, ""actual_pitch"": 0.0, ""ground_yaw"": -61.1, ""ground_pitch"": 0.0, ""delta_yaw"": -90, ""delta_pitch"": 0}"
851,1790497856.8423495,hardware_action,"{""timestamp"": 1790497856.8423495, ""type"": ""hardware_action"", ""name"": ""Gimbal move action"", ""state"": ""action_succeeded"", ""completed"": true, ""succeeded"": true, ""elapsed_sec"": 0.5812267539999993}"
852,1790497857.1925597,gimbal,"{""timestamp"": 1790497857.1925597, ""type"": ""gimbal"", ""phase"": ""move_completed"", ""target_yaw"": -90, ""target_pitch"": 0, ""actual_yaw"": -93.0, ""actual_pitch"": 6.9, ""ground_yaw"": -147.2, ""ground_pitch"": 0.0}"
853,1790497857.467042,tof_sample,"{""timestamp"": 1790497857.467042, ""type"": ""tof_sample"", ""gimbal_yaw"": -90, ""range_m"": 0.198, ""accepted"": 5}"
854,1790497857.4670997,gimbal,"{""timestamp"": 1790497857.4670997, ""type"": ""gimbal"", ""phase"": ""move"", ""target_yaw"": -180, ""target_pitch"": 0, ""actual_yaw"": -92.8, ""actual_pitch"": 6.9, ""ground_yaw"": -147.1, ""ground_pitch"": 0.0, ""delta_yaw"": -90, ""delta_pitch"": 0}"
855,1790497858.0420606,hardware_action,"{""timestamp"": 1790497858.0420606, ""type"": ""hardware_action"", ""name"": ""Gimbal move action"", ""state"": ""action_succeeded"", ""completed"": true, ""succeeded"": true, ""elapsed_sec"": 0.5745758719999685}"
856,1790497858.3923128,gimbal,"{""timestamp"": 1790497858.3923128, ""type"": ""gimbal"", ""phase"": ""move_completed"", ""target_yaw"": -180, ""target_pitch"": 0, ""actual_yaw"": -179.1, ""actual_pitch"": -0.7, ""ground_yaw"": 127.0, ""ground_pitch"": 0.0}"
857,1790497858.615836,tof_sample,"{""timestamp"": 1790497858.615836, ""type"": ""tof_sample"", ""gimbal_yaw"": -180, ""range_m"": 2.382, ""accepted"": 5}"
858,1790497858.6158977,gimbal,"{""timestamp"": 1790497858.6158977, ""type"": ""gimbal"", ""phase"": ""move"", ""target_yaw"": 0, ""target_pitch"": 0, ""actual_yaw"": -179.1, ""actual_pitch"": -0.8, ""ground_yaw"": 127.0, ""ground_pitch"": 0.0, ""delta_yaw"": 90, ""delta_pitch"": 0}"
859,1790497859.1413176,hardware_action,"{""timestamp"": 1790497859.1413176, ""type"": ""hardware_action"", ""name"": ""Gimbal move action"", ""state"": ""action_succeeded"", ""completed"": true, ""succeeded"": true, ""elapsed_sec"": 0.5249907140000687}"
860,1790497859.141419,gimbal,"{""timestamp"": 1790497859.141419, ""type"": ""gimbal"", ""phase"": ""move"", ""target_yaw"": 0, ""target_pitch"": 0, ""actual_yaw"": -106.3, ""actual_pitch"": 6.4, ""ground_yaw"": -160.5, ""ground_pitch"": 0.1, ""delta_yaw"": 90, ""delta_pitch"": 0}"
861,1790497859.7413692,hardware_action,"{""timestamp"": 1790497859.7413692, ""type"": ""hardware_action"", ""name"": ""Gimbal move action"", ""state"": ""action_succeeded"", ""completed"": true, ""succeeded"": true, ""elapsed_sec"": 0.5995710659999531}"
862,1790497860.0915911,gimbal,"{""timestamp"": 1790497860.0915911, ""type"": ""gimbal"", ""phase"": ""move_completed"", ""target_yaw"": 0, ""target_pitch"": 0, ""actual_yaw"": -7.6, ""actual_pitch"": 0.9, ""ground_yaw"": -62.5, ""ground_pitch"": 0.0}"
863,1790497860.0916505,gimbal,"{""timestamp"": 1790497860.0916505, ""type"": ""gimbal"", ""phase"": ""move"", ""target_yaw"": 90, ""target_pitch"": 0, ""actual_yaw"": -7.6, ""actual_pitch"": 0.9, ""ground_yaw"": -62.5, ""ground_pitch"": 0.0, ""delta_yaw"": 90, ""delta_pitch"": 0}"
864,1790497860.6422791,hardware_action,"{""timestamp"": 1790497860.6422791, ""type"": ""hardware_action"", ""name"": ""Gimbal move action"", ""state"": ""action_succeeded"", ""completed"": true, ""succeeded"": true, ""elapsed_sec"": 0.5501363960001981}"
865,1790497860.9925365,gimbal,"{""timestamp"": 1790497860.9925365, ""type"": ""gimbal"", ""phase"": ""move_completed"", ""target_yaw"": 90, ""target_pitch"": 0, ""actual_yaw"": 77.8, ""actual_pitch"": -9.8, ""ground_yaw"": 23.0, ""ground_pitch"": 0.0}"
866,1790497861.278181,tof_sample,"{""timestamp"": 1790497861.278181, ""type"": ""tof_sample"", ""gimbal_yaw"": 90, ""range_m"": 0.224, ""accepted"": 5}"
867,1790497861.2782352,gimbal,"{""timestamp"": 1790497861.2782352, ""type"": ""gimbal"", ""phase"": ""move"", ""target_yaw"": 0, ""target_pitch"": 0, ""actual_yaw"": 77.8, ""actual_pitch"": -9.8, ""ground_yaw"": 23.0, ""ground_pitch"": 0.0, ""delta_yaw"": -90, ""delta_pitch"": 0}"
868,1790497861.839436,hardware_action,"{""timestamp"": 1790497861.839436, ""type"": ""hardware_action"", ""name"": ""Gimbal move action"", ""state"": ""action_succeeded"", ""completed"": true, ""succeeded"": true, ""elapsed_sec"": 0.5608113759999469}"
869,1790497862.1896698,gimbal,"{""timestamp"": 1790497862.1896698, ""type"": ""gimbal"", ""phase"": ""move_completed"", ""target_yaw"": 0, ""target_pitch"": 0, ""actual_yaw"": -8.3, ""actual_pitch"": 0.9, ""ground_yaw"": -62.9, ""ground_pitch"": 0.0}"
870,1790497862.4344175,tof_sample,"{""timestamp"": 1790497862.4344175, ""type"": ""tof_sample"", ""gimbal_yaw"": 0, ""range_m"": 0.896, ""accepted"": 5}"
871,1790497862.4345818,range_mismatch,"{""timestamp"": 1790497862.4345818, ""type"": ""range_mismatch"", ""direction"": ""N"", ""residual_m"": 0.2787929976990622}"
872,1790497862.4346836,scan,"{""timestamp"": 1790497862.4346836, ""type"": ""scan"", ""cell"": [1, 0], ""pose"": [0.614264883245714, 0.014820412024946609, 178.73000000000002], ""ranges_m"": {""2"": 0.883, ""1"": 0.198, ""0"": 2.382, ""3"": 0.224}, ""scan_headings"": {""2"": 2, ""1"": 2, ""0"": 2, ""3"": 2}}"
873,1790497862.5416124,hardware_action,"{""timestamp"": 1790497862.5416124, ""type"": ""hardware_action"", ""name"": ""Gimbal front position hold"", ""state"": ""action_succeeded"", ""completed"": true, ""succeeded"": true, ""elapsed_sec"": 0.08383358199989743}"
874,1790497862.5416336,gimbal,"{""timestamp"": 1790497862.5416336, ""type"": ""gimbal"", ""phase"": ""front_position_hold"", ""target_yaw"": 0, ""target_pitch"": 0, ""actual_yaw"": -7.8, ""actual_pitch"": 0.4, ""ground_yaw"": -62.3, ""ground_pitch"": -0.1}"
875,1790497864.319157,gimbal,"{""timestamp"": 1790497864.319157, ""type"": ""gimbal"", ""phase"": ""move_completed"", ""target_yaw"": 0, ""target_pitch"": 0, ""actual_yaw"": -5.5, ""actual_pitch"": 0.0, ""ground_yaw"": -59.5, ""ground_pitch"": 0.0}"
876,1790497864.5332785,tof_sample,"{""timestamp"": 1790497864.5332785, ""type"": ""tof_sample"", ""gimbal_yaw"": 0, ""range_m"": 0.875, ""accepted"": 5}"
877,1790497867.4625762,chassis_wheel_stop,"{""timestamp"": 1790497867.4625762, ""type"": ""chassis_wheel_stop"", ""acknowledged"": true}"
878,1790497867.7682033,chassis_stationary,"{""timestamp"": 1790497867.7682033, ""type"": ""chassis_stationary"", ""yaw"": 179.56, ""position_m"": [-0.033850384012629804, 0.1436645297288008]}"
879,1790497867.7682152,move,"{""timestamp"": 1790497867.7682152, ""type"": ""move"", ""from"": [1, 0], ""to"": [0, 0], ""direction"": 2, ""backtrack"": true, ""odometry_delta_m"": [-0.614958941435499, 0.059803892419561036], ""yaw"": 179.56}"
880,1790497867.7683246,scan_mode,"{""timestamp"": 1790497867.7683246, ""type"": ""scan_mode"", ""mode"": ""gimbal""}"
881,1790497867.768351,gimbal,"{""timestamp"": 1790497867.768351, ""type"": ""gimbal"", ""phase"": ""reference_reused"", ""target_yaw"": 0, ""target_pitch"": 0, ""actual_yaw"": -5.5, ""actual_pitch"": -0.8, ""ground_yaw"": -59.0, ""ground_pitch"": 0.0}"
882,1790497868.1185503,gimbal,"{""timestamp"": 1790497868.1185503, ""type"": ""gimbal"", ""phase"": ""move_completed"", ""target_yaw"": 0, ""target_pitch"": 0, ""actual_yaw"": -5.5, ""actual_pitch"": -0.8, ""ground_yaw"": -59.0, ""ground_pitch"": 0.0}"
883,1790497868.4458437,tof_sample,"{""timestamp"": 1790497868.4458437, ""type"": ""tof_sample"", ""gimbal_yaw"": 0, ""range_m"": 0.189, ""accepted"": 5}"
884,1790497868.4459045,gimbal,"{""timestamp"": 1790497868.4459045, ""type"": ""gimbal"", ""phase"": ""move"", ""target_yaw"": -90, ""target_pitch"": 0, ""actual_yaw"": -5.5, ""actual_pitch"": -0.9, ""ground_yaw"": -59.0, ""ground_pitch"": 0.0, ""delta_yaw"": -90, ""delta_pitch"": 0}"
885,1790497869.041575,hardware_action,"{""timestamp"": 1790497869.041575, ""type"": ""hardware_action"", ""name"": ""Gimbal move action"", ""state"": ""action_succeeded"", ""completed"": true, ""succeeded"": true, ""elapsed_sec"": 0.5952794160002668}"
886,1790497869.3917975,gimbal,"{""timestamp"": 1790497869.3917975, ""type"": ""gimbal"", ""phase"": ""move_completed"", ""target_yaw"": -90, ""target_pitch"": 0, ""actual_yaw"": -92.9, ""actual_pitch"": 6.9, ""ground_yaw"": -145.2, ""ground_pitch"": 0.0}"
887,1790497869.6457999,tof_sample,"{""timestamp"": 1790497869.6457999, ""type"": ""tof_sample"", ""gimbal_yaw"": -90, ""range_m"": 0.161, ""accepted"": 5}"
888,1790497869.645876,gimbal,"{""timestamp"": 1790497869.645876, ""type"": ""gimbal"", ""phase"": ""move"", ""target_yaw"": -180, ""target_pitch"": 0, ""actual_yaw"": -92.8, ""actual_pitch"": 6.9, ""ground_yaw"": -145.2, ""ground_pitch"": 0.0, ""delta_yaw"": -90, ""delta_pitch"": 0}"
889,1790497870.2393787,hardware_action,"{""timestamp"": 1790497870.2393787, ""type"": ""hardware_action"", ""name"": ""Gimbal move action"", ""state"": ""action_succeeded"", ""completed"": true, ""succeeded"": true, ""elapsed_sec"": 0.5930498289999377}"
890,1790497870.5895803,gimbal,"{""timestamp"": 1790497870.5895803, ""type"": ""gimbal"", ""phase"": ""move_completed"", ""target_yaw"": -180, ""target_pitch"": 0, ""actual_yaw"": -179.3, ""actual_pitch"": 0.1, ""ground_yaw"": 128.8, ""ground_pitch"": 0.0}"
891,1790497870.997695,tof_sample,"{""timestamp"": 1790497870.997695, ""type"": ""tof_sample"", ""gimbal_yaw"": -180, ""range_m"": 2.854, ""accepted"": 5}"
892,1790497870.9977667,gimbal,"{""timestamp"": 1790497870.9977667, ""type"": ""gimbal"", ""phase"": ""move"", ""target_yaw"": 0, ""target_pitch"": 0, ""actual_yaw"": -179.3, ""actual_pitch"": 0.0, ""ground_yaw"": 128.8, ""ground_pitch"": 0.0, ""delta_yaw"": 90, ""delta_pitch"": 0}"
893,1790497871.5430336,hardware_action,"{""timestamp"": 1790497871.5430336, ""type"": ""hardware_action"", ""name"": ""Gimbal move action"", ""state"": ""action_succeeded"", ""completed"": true, ""succeeded"": true, ""elapsed_sec"": 0.5447965399998793}"
894,1790497871.543142,gimbal,"{""timestamp"": 1790497871.543142, ""type"": ""gimbal"", ""phase"": ""move"", ""target_yaw"": 0, ""target_pitch"": 0, ""actual_yaw"": -104.1, ""actual_pitch"": 6.6, ""ground_yaw"": -155.4, ""ground_pitch"": 0.1, ""delta_yaw"": 90, ""delta_pitch"": 0}"
895,1790497872.1418023,hardware_action,"{""timestamp"": 1790497872.1418023, ""type"": ""hardware_action"", ""name"": ""Gimbal move action"", ""state"": ""action_succeeded"", ""completed"": true, ""succeeded"": true, ""elapsed_sec"": 0.5982473659996685}"
896,1790497872.4920158,gimbal,"{""timestamp"": 1790497872.4920158, ""type"": ""gimbal"", ""phase"": ""move_completed"", ""target_yaw"": 0, ""target_pitch"": 0, ""actual_yaw"": -8.9, ""actual_pitch"": 0.3, ""ground_yaw"": -61.7, ""ground_pitch"": 0.0}"
897,1790497872.4920645,gimbal,"{""timestamp"": 1790497872.4920645, ""type"": ""gimbal"", ""phase"": ""move"", ""target_yaw"": 90, ""target_pitch"": 0, ""actual_yaw"": -8.9, ""actual_pitch"": 0.3, ""ground_yaw"": -61.7, ""ground_pitch"": 0.0, ""delta_yaw"": 90, ""delta_pitch"": 0}"
898,1790497873.0424018,hardware_action,"{""timestamp"": 1790497873.0424018, ""type"": ""hardware_action"", ""name"": ""Gimbal move action"", ""state"": ""action_succeeded"", ""completed"": true, ""succeeded"": true, ""elapsed_sec"": 0.5500300019998576}"
899,1790497873.3926554,gimbal,"{""timestamp"": 1790497873.3926554, ""type"": ""gimbal"", ""phase"": ""move_completed"", ""target_yaw"": 90, ""target_pitch"": 0, ""actual_yaw"": 76.3, ""actual_pitch"": -9.9, ""ground_yaw"": 23.8, ""ground_pitch"": 0.0}"
900,1790497873.708146,tof_sample,"{""timestamp"": 1790497873.708146, ""type"": ""tof_sample"", ""gimbal_yaw"": 90, ""range_m"": 0.218, ""accepted"": 5}"
901,1790497873.7082033,gimbal,"{""timestamp"": 1790497873.7082033, ""type"": ""gimbal"", ""phase"": ""move"", ""target_yaw"": 0, ""target_pitch"": 0, ""actual_yaw"": 76.3, ""actual_pitch"": -9.8, ""ground_yaw"": 23.8, ""ground_pitch"": 0.0, ""delta_yaw"": -90, ""delta_pitch"": 0}"
902,1790497874.2427807,hardware_action,"{""timestamp"": 1790497874.2427807, ""type"": ""hardware_action"", ""name"": ""Gimbal move action"", ""state"": ""action_succeeded"", ""completed"": true, ""succeeded"": true, ""elapsed_sec"": 0.5341702339997028}"
903,1790497874.592992,gimbal,"{""timestamp"": 1790497874.592992, ""type"": ""gimbal"", ""phase"": ""move_completed"", ""target_yaw"": 0, ""target_pitch"": 0, ""actual_yaw"": -9.6, ""actual_pitch"": 0.5, ""ground_yaw"": -61.8, ""ground_pitch"": 0.0}"
904,1790497874.858522,tof_sample,"{""timestamp"": 1790497874.858522, ""type"": ""tof_sample"", ""gimbal_yaw"": 0, ""range_m"": 0.195, ""accepted"": 5}"
905,1790497874.8586643,range_mismatch,"{""timestamp"": 1790497874.8586643, ""type"": ""range_mismatch"", ""direction"": ""N"", ""residual_m"": 0.1908059418102157}"
906,1790497874.8587556,scan,"{""timestamp"": 1790497874.8587556, ""type"": ""scan"", ""cell"": [0, 0], ""pose"": [-0.06115609886044358, 0.033159466478943085, 179.63], ""ranges_m"": {""2"": 0.189, ""1"": 0.161, ""0"": 2.854, ""3"": 0.218}, ""scan_headings"": {""2"": 2, ""1"": 2, ""0"": 2, ""3"": 2}}"
907,1790497874.8770633,finish,"{""timestamp"": 1790497874.8770633, ""type"": ""finish"", ""status"": ""completed"", ""error"": null}"
